Customer_Id,Time Spent,Starbucks App,Menu Choices,# Of surrounding coffee shops,Web Ad,Email Ad,Social Ad,Mobile Ad,Wash Rooms,Informational,Discount,Gender,Age,Became_Member_On,Income,Review, Total_Amount 
78afa995795e4d85b5d9ceeca43f5fef,38,1,47,6,1,1,0,1,1,0,0,0,75,5/9/2017,81992,I had the worst experience at this coffee store. The coffee was cold and the service was terrible., $39.00 
78afa995795e4d85b5d9ceeca43f5fef,38,0,31,4,0,1,1,1,0,1,0,0,75,5/9/2017,65668,I was not impressed with this coffee store. The coffee was average and the service was slow., $61.00 
78afa995795e4d85b5d9ceeca43f5fef,62,1,37,12,0,1,1,1,1,0,0,0,75,5/9/2017,60208,This coffee store was okay. The coffee was decent and the service was alright., $64.00 
78afa995795e4d85b5d9ceeca43f5fef,56,1,40,2,1,1,1,1,1,0,0,0,75,5/9/2017,69104,I had a good experience at this coffee store. The coffee was hot and the service was friendly., $13.00 
e2127556f4f64592b11af22de27a7932,14,0,35,13,1,1,0,1,0,0,1,1,68,4/26/2018,121121,I had the best experience at this coffee store. The coffee was delicious and the service was excellent., $18.00 
e2127556f4f64592b11af22de27a7932,77,0,41,17,1,1,0,1,0,1,0,1,68,4/26/2018,106135,I had a terrible experience at this coffee store. The coffee was weak and the service was rude., $11.00 
e2127556f4f64592b11af22de27a7932,56,1,43,15,1,1,0,1,1,0,0,1,68,4/26/2018,77402,I was not satisfied with this coffee store. The coffee was bland and the service was slow., $55.00 
e2127556f4f64592b11af22de27a7932,57,1,38,13,1,1,1,1,0,0,1,1,68,4/26/2018,109399,This coffee store was alright. The coffee was okay and the service was decent., $84.00 
389bc3fa690240e798340f5a15918d5c,52,1,45,18,1,1,1,1,1,0,0,1,65,2/9/2018,118224,I had a decent experience at this coffee store. The coffee was warm and the service was satisfactory., $10.00 
389bc3fa690240e798340f5a15918d5c,39,0,28,6,1,1,0,1,1,0,0,1,65,2/9/2018,77187,I had an amazing experience at this coffee store. The coffee was flavorful and the service was outstanding., $8.00 
389bc3fa690240e798340f5a15918d5c,72,1,27,20,1,1,0,1,0,0,1,1,65,2/9/2018,117346,I had a horrible experience at this coffee store. The coffee was cold and the service was terrible., $41.00 
389bc3fa690240e798340f5a15918d5c,42,1,48,16,1,1,0,1,1,0,0,1,65,2/9/2018,102054,I was not pleased with this coffee store. The coffee was average and the service was slow., $27.00 
389bc3fa690240e798340f5a15918d5c,21,1,25,16,1,1,1,1,1,0,0,1,65,2/9/2018,65974,This coffee store was okay. The coffee was decent and the service was alright., $25.00 
389bc3fa690240e798340f5a15918d5c,26,1,40,19,1,1,1,1,0,0,1,1,65,2/9/2018,69267,I had a good experience at this coffee store. The coffee was hot and the service was friendly., $63.00 
2eeac8d8feae4a8cad5a6af0499a211d,60,0,23,10,1,1,0,1,0,1,0,1,58,11/11/2017,81278,I had the best experience at this coffee store. The coffee was delicious and the service was excellent., $13.00 
2eeac8d8feae4a8cad5a6af0499a211d,43,0,38,6,1,1,1,1,0,0,1,1,58,11/11/2017,103187,I had a terrible experience at this coffee store. The coffee was weak and the service was rude., $10.00 
2eeac8d8feae4a8cad5a6af0499a211d,82,1,48,18,1,1,1,1,0,0,1,1,58,11/11/2017,42921,I was not satisfied with this coffee store. The coffee was bland and the service was slow., $31.00 
aa4862eba776480b8bb9c68455b8c2e1,27,1,47,9,1,1,0,0,0,0,1,0,61,9/11/2017,96308,This coffee store was alright. The coffee was okay and the service was decent., $50.00 
aa4862eba776480b8bb9c68455b8c2e1,54,1,32,11,1,1,1,1,1,0,0,0,61,9/11/2017,80111,I had a decent experience at this coffee store. The coffee was warm and the service was satisfactory., $26.00 
aa4862eba776480b8bb9c68455b8c2e1,54,0,44,5,0,1,1,1,0,1,0,0,61,9/11/2017,110286,I had an amazing experience at this coffee store. The coffee was flavorful and the service was outstanding., $57.00 
aa4862eba776480b8bb9c68455b8c2e1,7,1,46,17,0,1,1,1,1,0,0,0,61,9/11/2017,127502,I had a horrible experience at this coffee store. The coffee was cold and the service was terrible., $71.00 
aa4862eba776480b8bb9c68455b8c2e1,39,1,44,2,1,1,1,1,1,0,0,0,61,9/11/2017,33229,I was not pleased with this coffee store. The coffee was average and the service was slow., $26.00 
31dda685af34476cad5bc968bdb01c53,44,0,39,19,1,1,0,0,0,0,1,0,62,2/11/2016,126338,This coffee store was okay. The coffee was decent and the service was alright., $6.00 
31dda685af34476cad5bc968bdb01c53,52,1,21,8,1,1,1,1,0,0,1,0,62,2/11/2016,41687,I had a good experience at this coffee store. The coffee was hot and the service was friendly., $7.00 
31dda685af34476cad5bc968bdb01c53,56,1,35,2,1,1,1,1,0,0,1,0,62,2/11/2016,79039,I had the best experience at this coffee store. The coffee was delicious and the service was excellent., $51.00 
31dda685af34476cad5bc968bdb01c53,47,1,30,11,1,1,1,1,0,0,1,0,62,2/11/2016,46942,I had a terrible experience at this coffee store. The coffee was weak and the service was rude., $69.00 
31dda685af34476cad5bc968bdb01c53,64,1,28,12,1,1,1,1,0,0,1,0,62,2/11/2016,47652,I was not satisfied with this coffee store. The coffee was bland and the service was slow., $84.00 
31dda685af34476cad5bc968bdb01c53,22,0,21,18,1,1,1,1,0,0,1,0,62,2/11/2016,76307,This coffee store was alright. The coffee was okay and the service was decent., $28.00 
4b0da7e80e5945209a1fdddfe813dbe0,18,0,36,1,0,1,1,1,1,0,0,1,64,9/9/2017,103561,I had a decent experience at this coffee store. The coffee was warm and the service was satisfactory., $22.00 
4b0da7e80e5945209a1fdddfe813dbe0,40,1,27,6,1,1,0,0,0,0,1,1,64,9/9/2017,101747,I had an amazing experience at this coffee store. The coffee was flavorful and the service was outstanding., $10.00 
4b0da7e80e5945209a1fdddfe813dbe0,48,1,36,18,1,1,0,0,0,0,1,1,64,9/9/2017,124065,I had a horrible experience at this coffee store. The coffee was cold and the service was terrible., $31.00 
4b0da7e80e5945209a1fdddfe813dbe0,70,1,36,11,1,1,0,1,0,1,0,1,64,9/9/2017,33719,I was not pleased with this coffee store. The coffee was average and the service was slow., $65.00 
4b0da7e80e5945209a1fdddfe813dbe0,38,1,44,19,0,1,1,1,1,0,0,1,64,9/9/2017,114984,This coffee store was okay. The coffee was decent and the service was alright., $42.00 
c27e0d6ab72c455a8bb66d980963de60,37,0,26,6,1,1,0,1,0,1,0,0,78,6/16/2017,122552,I had a good experience at this coffee store. The coffee was hot and the service was friendly., $33.00 
c27e0d6ab72c455a8bb66d980963de60,17,0,25,14,0,1,1,1,0,1,0,0,78,6/16/2017,38061,I had the best experience at this coffee store. The coffee was delicious and the service was excellent., $20.00 
c27e0d6ab72c455a8bb66d980963de60,7,1,37,0,1,1,0,1,0,1,0,0,78,6/16/2017,127752,I had a terrible experience at this coffee store. The coffee was weak and the service was rude., $76.00 
c27e0d6ab72c455a8bb66d980963de60,37,1,36,8,1,1,1,1,0,0,1,0,78,6/16/2017,103487,I was not satisfied with this coffee store. The coffee was bland and the service was slow., $49.00 
c27e0d6ab72c455a8bb66d980963de60,85,0,43,11,1,1,1,1,1,0,0,0,78,6/16/2017,37916,This coffee store was alright. The coffee was okay and the service was decent., $21.00 
c27e0d6ab72c455a8bb66d980963de60,65,0,30,17,0,1,1,1,0,1,0,0,78,6/16/2017,75873,I had a decent experience at this coffee store. The coffee was warm and the service was satisfactory., $78.00 
d53717f5400c4e84affdaeda9dd926b3,55,1,31,1,1,1,0,0,0,0,1,0,88,5/18/2017,107533,I had an amazing experience at this coffee store. The coffee was flavorful and the service was outstanding., $39.00 
d53717f5400c4e84affdaeda9dd926b3,46,0,49,11,1,1,0,1,0,0,1,0,88,5/18/2017,90697,I had a horrible experience at this coffee store. The coffee was cold and the service was terrible., $43.00 
d53717f5400c4e84affdaeda9dd926b3,90,0,45,12,0,1,1,1,0,1,0,0,88,5/18/2017,127374,I was not pleased with this coffee store. The coffee was average and the service was slow., $32.00 
d53717f5400c4e84affdaeda9dd926b3,45,1,47,10,1,1,0,0,0,0,1,0,88,5/18/2017,87861,This coffee store was okay. The coffee was decent and the service was alright., $56.00 
f806632c011441378d4646567f357a21,79,1,22,11,1,1,1,1,0,0,1,1,42,8/11/2013,37288,I had a good experience at this coffee store. The coffee was hot and the service was friendly., $21.00 
f806632c011441378d4646567f357a21,42,1,30,18,1,1,1,1,1,0,0,1,42,8/11/2013,102797,I had a horrible experience at this coffee store. The coffee was cold and the service was terrible., $73.00 
f806632c011441378d4646567f357a21,25,1,36,17,1,1,1,1,0,0,1,1,42,8/11/2013,71222,I was not pleased with this coffee store. The coffee was average and the service was slow., $42.00 
f806632c011441378d4646567f357a21,31,0,44,6,1,1,0,1,0,1,0,1,42,8/11/2013,57920,This coffee store was okay. The coffee was decent and the service was alright., $15.00 
d058f73bf8674a26a95227db098147b1,34,1,47,1,1,1,0,0,0,0,1,0,56,4/28/2018,95975,I had a good experience at this coffee store. The coffee was hot and the service was friendly., $55.00 
d058f73bf8674a26a95227db098147b1,54,1,39,0,1,1,0,1,0,0,1,0,56,4/28/2018,107836,I had the best experience at this coffee store. The coffee was delicious and the service was excellent., $39.00 
d058f73bf8674a26a95227db098147b1,33,1,39,13,1,1,0,0,0,0,1,0,56,4/28/2018,89749,I had a terrible experience at this coffee store. The coffee was weak and the service was rude., $31.00 
d058f73bf8674a26a95227db098147b1,88,1,49,11,1,1,1,1,1,0,0,0,56,4/28/2018,66939,I had a horrible experience at this coffee store. The coffee was cold and the service was terrible., $17.00 
d058f73bf8674a26a95227db098147b1,85,0,24,20,1,1,0,1,1,0,0,0,56,4/28/2018,76199,I was not pleased with this coffee store. The coffee was average and the service was slow., $42.00 
d058f73bf8674a26a95227db098147b1,13,0,28,13,1,1,0,1,1,0,0,0,56,4/28/2018,109127,This coffee store was okay. The coffee was decent and the service was alright., $18.00 
ebe7ef46ea6f4963a7dd49f501b26779,81,0,33,13,1,1,0,1,1,0,0,1,59,1/21/2015,116813,I had a good experience at this coffee store. The coffee was hot and the service was friendly., $58.00 
ebe7ef46ea6f4963a7dd49f501b26779,89,1,23,0,1,1,1,1,0,0,1,1,59,1/21/2015,53528,I had the best experience at this coffee store. The coffee was delicious and the service was excellent., $66.00 
ebe7ef46ea6f4963a7dd49f501b26779,51,0,48,7,0,1,1,1,0,1,0,1,59,1/21/2015,65200,I had a terrible experience at this coffee store. The coffee was weak and the service was rude., $31.00 
ebe7ef46ea6f4963a7dd49f501b26779,34,1,45,3,1,1,0,1,0,0,1,1,59,1/21/2015,94673,I was not satisfied with this coffee store. The coffee was bland and the service was slow., $22.00 
ebe7ef46ea6f4963a7dd49f501b26779,35,0,41,6,0,1,1,1,0,1,0,1,59,1/21/2015,114405,This coffee store was alright. The coffee was okay and the service was decent., $22.00 
ebe7ef46ea6f4963a7dd49f501b26779,33,0,43,20,1,1,0,1,1,0,0,1,59,1/21/2015,62973,I had a decent experience at this coffee store. The coffee was warm and the service was satisfactory., $55.00 
1e9420836d554513ab90eba98552d0a9,54,0,32,16,0,1,1,1,1,0,0,1,22,9/25/2017,52366,I had an amazing experience at this coffee store. The coffee was flavorful and the service was outstanding., $69.00 
1e9420836d554513ab90eba98552d0a9,62,1,27,13,1,1,1,1,1,0,0,1,22,9/25/2017,66535,I had a horrible experience at this coffee store. The coffee was cold and the service was terrible., $53.00 
1e9420836d554513ab90eba98552d0a9,43,1,32,2,1,1,1,1,1,0,0,1,22,9/25/2017,100869,I was not pleased with this coffee store. The coffee was average and the service was slow., $11.00 
1e9420836d554513ab90eba98552d0a9,74,1,35,6,1,1,1,1,0,0,1,1,22,9/25/2017,68182,This coffee store was okay. The coffee was decent and the service was alright., $48.00 
1e9420836d554513ab90eba98552d0a9,20,1,51,20,1,1,0,1,0,1,0,1,22,9/25/2017,35205,I had a good experience at this coffee store. The coffee was hot and the service was friendly., $7.00 
1e9420836d554513ab90eba98552d0a9,46,1,52,17,1,1,0,0,0,0,1,1,22,9/25/2017,108965,I had the best experience at this coffee store. The coffee was delicious and the service was excellent., $85.00 
868317b9be554cb18e50bc68484749a2,75,0,44,20,1,1,0,1,0,0,1,0,96,11/17/2017,71259,I had a terrible experience at this coffee store. The coffee was weak and the service was rude., $85.00 
868317b9be554cb18e50bc68484749a2,90,0,43,12,0,1,1,1,0,1,0,0,96,11/17/2017,56353,I was not satisfied with this coffee store. The coffee was bland and the service was slow., $31.00 
868317b9be554cb18e50bc68484749a2,37,1,45,2,1,1,0,1,1,0,0,0,96,11/17/2017,108168,This coffee store was alright. The coffee was okay and the service was decent., $49.00 
868317b9be554cb18e50bc68484749a2,69,1,41,13,1,1,1,1,1,0,0,0,96,11/17/2017,120345,I had a decent experience at this coffee store. The coffee was warm and the service was satisfactory., $59.00 
868317b9be554cb18e50bc68484749a2,68,0,21,14,1,1,1,1,0,0,1,0,96,11/17/2017,66546,I had an amazing experience at this coffee store. The coffee was flavorful and the service was outstanding., $11.00 
f082d80f0aac47a99173ba8ef8fc1909,16,1,37,20,1,1,0,1,1,0,0,1,40,7/9/2016,84173,I had a horrible experience at this coffee store. The coffee was cold and the service was terrible., $69.00 
f082d80f0aac47a99173ba8ef8fc1909,68,0,22,20,0,1,1,1,0,1,0,1,40,7/9/2016,115003,I was not pleased with this coffee store. The coffee was average and the service was slow., $58.00 
f082d80f0aac47a99173ba8ef8fc1909,75,0,33,16,0,1,1,1,1,0,0,1,40,7/9/2016,68798,This coffee store was okay. The coffee was decent and the service was alright., $45.00 
f082d80f0aac47a99173ba8ef8fc1909,7,0,35,18,1,1,1,1,1,0,0,1,40,7/9/2016,102963,I had a good experience at this coffee store. The coffee was hot and the service was friendly., $78.00 
f082d80f0aac47a99173ba8ef8fc1909,65,0,28,2,1,1,0,1,1,0,0,1,40,7/9/2016,54267,I had the best experience at this coffee store. The coffee was delicious and the service was excellent., $84.00 
f082d80f0aac47a99173ba8ef8fc1909,33,0,43,15,1,1,0,1,1,0,0,1,40,7/9/2016,49634,I had a terrible experience at this coffee store. The coffee was weak and the service was rude., $54.00 
102e9454054946fda62242d2e176fdce,25,1,39,20,1,1,1,1,1,0,0,0,69,8/14/2016,60277,I was not satisfied with this coffee store. The coffee was bland and the service was slow., $54.00 
102e9454054946fda62242d2e176fdce,33,0,48,3,1,1,0,1,0,1,0,0,69,8/14/2016,58122,This coffee store was alright. The coffee was okay and the service was decent., $83.00 
102e9454054946fda62242d2e176fdce,39,1,46,1,1,1,0,1,1,0,0,0,69,8/14/2016,85406,I had a decent experience at this coffee store. The coffee was warm and the service was satisfactory., $14.00 
102e9454054946fda62242d2e176fdce,81,0,31,7,0,1,1,1,0,1,0,0,69,8/14/2016,111220,I had an amazing experience at this coffee store. The coffee was flavorful and the service was outstanding., $33.00 
102e9454054946fda62242d2e176fdce,55,1,46,10,1,1,0,1,1,0,0,0,69,8/14/2016,56853,I had a horrible experience at this coffee store. The coffee was cold and the service was terrible., $33.00 
102e9454054946fda62242d2e176fdce,53,1,44,8,0,1,1,1,1,0,0,0,69,8/14/2016,46249,I was not pleased with this coffee store. The coffee was average and the service was slow., $18.00 
9f30b375d7bd4c62a884ffe7034e09ee,28,1,52,13,1,1,1,1,0,0,1,0,26,8/12/2017,53337,This coffee store was okay. The coffee was decent and the service was alright., $54.00 
9f30b375d7bd4c62a884ffe7034e09ee,50,0,41,15,0,1,1,1,0,1,0,0,26,8/12/2017,131272,I had a good experience at this coffee store. The coffee was hot and the service was friendly., $34.00 
9f30b375d7bd4c62a884ffe7034e09ee,71,1,37,13,1,1,1,1,0,0,1,0,26,8/12/2017,76647,I had the best experience at this coffee store. The coffee was delicious and the service was excellent., $19.00 
6e014185620b49bd98749f728747572f,20,1,22,18,1,1,1,1,1,0,0,1,75,11/12/2015,39811,I had a terrible experience at this coffee store. The coffee was weak and the service was rude., $24.00 
6e014185620b49bd98749f728747572f,25,1,23,8,1,1,0,1,0,0,1,1,75,11/12/2015,117083,I was not satisfied with this coffee store. The coffee was bland and the service was slow., $44.00 
6e014185620b49bd98749f728747572f,70,1,45,18,1,1,1,1,0,0,1,1,75,11/12/2015,113773,This coffee store was alright. The coffee was okay and the service was decent., $38.00 
6e014185620b49bd98749f728747572f,77,0,27,4,1,1,0,1,0,0,1,1,75,11/12/2015,73316,I had a decent experience at this coffee store. The coffee was warm and the service was satisfactory., $79.00 
02c083884c7d45b39cc68e1314fec56c,52,0,25,17,0,1,1,1,1,0,0,0,20,7/11/2016,96155,I had a horrible experience at this coffee store. The coffee was cold and the service was terrible., $22.00 
02c083884c7d45b39cc68e1314fec56c,15,0,25,18,1,1,0,0,0,0,1,0,20,7/11/2016,118940,I was not pleased with this coffee store. The coffee was average and the service was slow., $38.00 
c0d210398dee4a0895b24444a5fcd1d2,8,1,24,20,1,1,0,1,1,0,0,1,45,7/7/2018,101852,This coffee store was okay. The coffee was decent and the service was alright., $64.00 
c0d210398dee4a0895b24444a5fcd1d2,33,1,38,12,1,1,1,1,0,0,1,1,45,7/7/2018,131207,I had a good experience at this coffee store. The coffee was hot and the service was friendly., $70.00 
c0d210398dee4a0895b24444a5fcd1d2,30,1,33,6,1,1,1,1,1,0,0,1,45,7/7/2018,86577,I had the best experience at this coffee store. The coffee was delicious and the service was excellent., $20.00 
c0d210398dee4a0895b24444a5fcd1d2,69,0,31,15,1,1,0,1,0,1,0,1,45,7/7/2018,117578,I had a terrible experience at this coffee store. The coffee was weak and the service was rude., $29.00 
c0d210398dee4a0895b24444a5fcd1d2,56,0,26,0,1,1,1,1,1,0,0,1,45,7/7/2018,99412,I had a horrible experience at this coffee store. The coffee was cold and the service was terrible., $20.00 
57dd18ec5ddc46828afb81ec5977bef2,64,0,47,0,1,1,0,1,1,0,0,0,54,2/7/2017,84048,I was not pleased with this coffee store. The coffee was average and the service was slow., $25.00 
57dd18ec5ddc46828afb81ec5977bef2,64,0,40,8,0,1,1,1,0,1,0,0,54,2/7/2017,58696,This coffee store was okay. The coffee was decent and the service was alright., $21.00 
57dd18ec5ddc46828afb81ec5977bef2,31,1,41,9,1,1,1,1,1,0,0,0,54,2/7/2017,113786,I had a good experience at this coffee store. The coffee was hot and the service was friendly., $68.00 
02c083884c7d45b39cc68e1314fec56c,7,1,25,20,0,1,1,1,0,1,0,1,46,11/11/2017,76215,I had a decent experience at this coffee store. The coffee was warm and the service was satisfactory.,$7.00 
2eeac8d8feae4a8cad5a6af0499a211d,19,0,31,13,1,1,0,1,0,0,1,1,44,2/11/2016,124459,I was not impressed with this coffee store. The coffee was average and the service was slow.,$10.00 
78afa995795e4d85b5d9ceeca43f5fef,75,1,21,7,1,1,0,1,0,0,1,1,70,9/25/2017,79731,I had a decent experience at this coffee store. The coffee was warm and the service was satisfactory.,$22.00 
d058f73bf8674a26a95227db098147b1,55,0,46,20,1,1,1,1,0,0,1,0,37,2/9/2018,73779,I was not pleased with this coffee store. The coffee was average and the service was slow.,$20.00 
d058f73bf8674a26a95227db098147b1,73,0,21,9,1,1,1,1,1,1,1,1,75,2/9/2018,80240,I had a good experience at this coffee store. The coffee was hot and the service was friendly.,$56.00 
31dda685af34476cad5bc968bdb01c53,31,0,42,20,1,1,1,1,1,0,1,0,70,2/7/2017,34136,I had an amazing experience at this coffee store. The coffee was flavorful and the service was outstanding.,$45.00 
389bc3fa690240e798340f5a15918d5c,70,1,40,17,1,1,1,1,0,0,1,0,51,11/17/2017,101051,This coffee store was alright. The coffee was okay and the service was decent.,$84.00 
102e9454054946fda62242d2e176fdce,13,0,21,15,1,1,1,1,0,0,1,1,20,5/9/2017,111918,This coffee store was alright. The coffee was okay and the service was decent.,$84.00 
9f30b375d7bd4c62a884ffe7034e09ee,90,0,37,0,1,1,1,1,0,1,0,0,45,9/9/2017,44307,I was not pleased with this coffee store. The coffee was average and the service was slow.,$48.00 
e2127556f4f64592b11af22de27a7932,52,1,35,7,1,1,1,1,0,0,1,1,96,2/11/2016,78128,I had a horrible experience at this coffee store. The coffee was cold and the service was terrible.,$33.00 
02c083884c7d45b39cc68e1314fec56c,64,0,35,18,1,1,1,1,0,0,0,1,80,11/12/2015,100161,I had the best experience at this coffee store. The coffee was delicious and the service was excellent.,$39.00 
389bc3fa690240e798340f5a15918d5c,84,0,21,6,0,1,0,1,0,0,1,0,38,5/18/2017,42214,I had a decent experience at this coffee store. The coffee was warm and the service was satisfactory.,$20.00 
ebe7ef46ea6f4963a7dd49f501b26779,7,1,21,13,1,1,1,1,0,1,0,1,91,8/11/2013,82579,I had a horrible experience at this coffee store. The coffee was cold and the service was terrible.,$76.00 
868317b9be554cb18e50bc68484749a2,25,1,25,20,1,1,0,1,1,0,0,1,61,2/9/2018,33579,I had a horrible experience at this coffee store. The coffee was cold and the service was terrible.,$11.00 
78afa995795e4d85b5d9ceeca43f5fef,70,1,21,13,0,1,1,1,0,0,1,0,61,2/11/2016,128434,I had a terrible experience at this coffee store. The coffee was weak and the service was rude.,$63.00 
102e9454054946fda62242d2e176fdce,25,0,26,14,1,1,1,1,0,0,1,1,52,2/9/2018,111349,I was not pleased with this coffee store. The coffee was average and the service was slow.,$85.00 
ebe7ef46ea6f4963a7dd49f501b26779,81,0,21,20,1,1,0,0,0,0,1,1,25,2/9/2018,68432,This coffee store was alright. The coffee was okay and the service was decent.,$53.00 
ebe7ef46ea6f4963a7dd49f501b26779,39,1,21,6,1,1,1,1,0,0,1,0,20,4/28/2018,99434,I had a terrible experience at this coffee store. The coffee was weak and the service was rude.,$38.00 
aa4862eba776480b8bb9c68455b8c2e1,41,1,26,20,0,1,1,1,1,1,1,0,63,2/9/2018,88928,I had an amazing experience at this coffee store. The coffee was flavorful and the service was outstanding.,$78.00 
102e9454054946fda62242d2e176fdce,57,1,22,11,1,1,1,1,0,0,1,1,48,5/9/2017,55380,I was not satisfied with this coffee store. The coffee was bland and the service was slow.,$17.00 
ebe7ef46ea6f4963a7dd49f501b26779,43,1,27,14,1,1,1,1,1,0,0,1,50,7/7/2018,105254,I had the best experience at this coffee store. The coffee was delicious and the service was excellent.,$70.00 
6e014185620b49bd98749f728747572f,50,1,21,17,0,1,0,1,0,0,1,1,23,11/17/2017,95283,This coffee store was alright. The coffee was okay and the service was decent.,$31.00 
868317b9be554cb18e50bc68484749a2,90,1,30,13,1,1,0,1,0,0,1,0,58,2/11/2016,104563,I had a horrible experience at this coffee store. The coffee was cold and the service was terrible.,$39.00 
d53717f5400c4e84affdaeda9dd926b3,24,1,39,7,1,1,0,1,1,0,1,1,96,1/21/2015,115458,I had a horrible experience at this coffee store. The coffee was cold and the service was terrible.,$84.00 
ebe7ef46ea6f4963a7dd49f501b26779,72,1,31,20,1,1,1,1,0,0,1,0,31,11/17/2017,33166,I had a decent experience at this coffee store. The coffee was warm and the service was satisfactory.,$10.00 
f082d80f0aac47a99173ba8ef8fc1909,61,0,35,20,1,1,0,1,0,0,0,0,51,11/17/2017,98988,I had a decent experience at this coffee store. The coffee was warm and the service was satisfactory.,$54.00 
c27e0d6ab72c455a8bb66d980963de60,81,0,21,3,1,1,0,1,0,0,0,0,79,2/9/2018,55742,I had a terrible experience at this coffee store. The coffee was weak and the service was rude.,$57.00 
78afa995795e4d85b5d9ceeca43f5fef,37,1,21,15,1,1,0,1,0,0,0,1,37,2/11/2016,65103,I had the best experience at this coffee store. The coffee was delicious and the service was excellent.,$44.00 
d058f73bf8674a26a95227db098147b1,36,0,41,2,1,1,0,1,1,1,0,1,47,2/11/2016,74999,I had a terrible experience at this coffee store. The coffee was weak and the service was rude.,$66.00 
2eeac8d8feae4a8cad5a6af0499a211d,56,1,29,20,1,1,1,1,0,1,1,1,73,11/12/2015,93700,This coffee store was alright. The coffee was okay and the service was decent.,$24.00 
02c083884c7d45b39cc68e1314fec56c,21,1,23,9,1,1,1,1,1,0,0,0,65,8/14/2016,110860,I was not pleased with this coffee store. The coffee was average and the service was slow.,$31.00 
1e9420836d554513ab90eba98552d0a9,59,1,22,1,1,1,1,1,0,0,0,1,70,8/12/2017,90539,I had a decent experience at this coffee store. The coffee was warm and the service was satisfactory.,$70.00 
c0d210398dee4a0895b24444a5fcd1d2,10,0,21,12,1,1,1,1,0,0,1,1,63,8/12/2017,91491,This coffee store was alright. The coffee was okay and the service was decent.,$51.00 
868317b9be554cb18e50bc68484749a2,27,0,21,0,0,1,1,1,0,0,1,1,42,6/16/2017,126743,I had a terrible experience at this coffee store. The coffee was weak and the service was rude.,$49.00 
ebe7ef46ea6f4963a7dd49f501b26779,59,1,35,16,1,1,1,1,0,1,0,1,40,9/9/2017,51277,I had a decent experience at this coffee store. The coffee was warm and the service was satisfactory.,$85.00 
78afa995795e4d85b5d9ceeca43f5fef,35,1,31,5,1,1,1,1,0,0,0,1,20,5/9/2017,72924,This coffee store was okay. The coffee was decent and the service was alright.,$56.00 
4b0da7e80e5945209a1fdddfe813dbe0,7,1,21,18,1,1,1,1,1,0,0,0,71,7/9/2016,75212,This coffee store was okay. The coffee was decent and the service was alright.,$54.00 
6e014185620b49bd98749f728747572f,58,0,41,15,1,1,1,1,1,0,0,0,35,7/9/2016,68606,I was not satisfied with this coffee store. The coffee was bland and the service was slow.,$22.00 
02c083884c7d45b39cc68e1314fec56c,45,1,21,20,1,1,1,1,0,0,0,1,20,2/9/2018,106234,I had a good experience at this coffee store. The coffee was hot and the service was friendly.,$58.00 
f082d80f0aac47a99173ba8ef8fc1909,57,1,33,20,1,1,1,1,0,1,1,1,26,7/11/2016,36149,I was not pleased with this coffee store. The coffee was average and the service was slow.,$7.00 
d53717f5400c4e84affdaeda9dd926b3,69,1,43,10,1,1,0,1,0,0,0,0,20,9/11/2017,117409,I had an amazing experience at this coffee store. The coffee was flavorful and the service was outstanding.,$34.00 
c0d210398dee4a0895b24444a5fcd1d2,50,0,30,20,1,1,1,1,0,0,1,1,96,7/9/2016,48351,I had a horrible experience at this coffee store. The coffee was cold and the service was terrible.,$11.00 
c0d210398dee4a0895b24444a5fcd1d2,61,0,29,6,1,1,1,1,0,1,1,1,77,7/11/2016,49784,I was not pleased with this coffee store. The coffee was average and the service was slow.,$54.00 
02c083884c7d45b39cc68e1314fec56c,34,0,32,7,1,1,1,1,1,0,1,1,86,5/18/2017,89860,I had a good experience at this coffee store. The coffee was hot and the service was friendly.,$57.00 
f082d80f0aac47a99173ba8ef8fc1909,30,0,28,19,1,1,1,1,0,1,1,1,89,6/16/2017,88176,This coffee store was okay. The coffee was decent and the service was alright.,$26.00 
1e9420836d554513ab90eba98552d0a9,65,1,24,1,1,1,0,1,0,1,0,1,41,5/9/2017,119337,I was not satisfied with this coffee store. The coffee was bland and the service was slow.,$19.00 
d058f73bf8674a26a95227db098147b1,34,0,28,15,1,1,0,1,0,0,1,1,94,2/11/2016,59041,I was not pleased with this coffee store. The coffee was average and the service was slow.,$43.00 
31dda685af34476cad5bc968bdb01c53,58,0,32,4,1,1,1,1,0,0,1,1,72,2/7/2017,77245,I had a decent experience at this coffee store. The coffee was warm and the service was satisfactory.,$10.00 
d058f73bf8674a26a95227db098147b1,65,0,22,17,1,1,1,1,0,0,1,0,53,11/11/2017,61054,I was not satisfied with this coffee store. The coffee was bland and the service was slow.,$29.00 
c0d210398dee4a0895b24444a5fcd1d2,32,0,21,6,1,1,1,1,0,0,1,0,43,9/11/2017,104927,I had a terrible experience at this coffee store. The coffee was weak and the service was rude.,$42.00 
c27e0d6ab72c455a8bb66d980963de60,57,0,25,11,1,1,1,1,0,0,1,1,58,8/11/2013,92220,This coffee store was okay. The coffee was decent and the service was alright.,$29.00 
78afa995795e4d85b5d9ceeca43f5fef,12,0,38,7,1,1,1,1,1,1,0,1,53,9/11/2017,101906,I was not pleased with this coffee store. The coffee was average and the service was slow.,$39.00 
57dd18ec5ddc46828afb81ec5977bef2,41,1,24,10,1,1,1,1,0,0,1,0,72,8/12/2017,77332,I had a good experience at this coffee store. The coffee was hot and the service was friendly.,$85.00 
f806632c011441378d4646567f357a21,33,1,24,10,1,1,0,1,0,0,0,0,65,7/9/2016,46205,I was not pleased with this coffee store. The coffee was average and the service was slow.,$49.00 
389bc3fa690240e798340f5a15918d5c,45,1,21,6,1,1,0,1,0,1,0,1,35,9/9/2017,51795,I had a horrible experience at this coffee store. The coffee was cold and the service was terrible.,$21.00 
f082d80f0aac47a99173ba8ef8fc1909,63,0,21,8,1,1,1,1,0,0,1,0,76,8/11/2013,60510,I had a horrible experience at this coffee store. The coffee was cold and the service was terrible.,$18.00 
57dd18ec5ddc46828afb81ec5977bef2,55,0,29,4,1,1,1,1,0,0,0,0,43,2/9/2018,60019,I had a good experience at this coffee store. The coffee was hot and the service was friendly.,$31.00 
d53717f5400c4e84affdaeda9dd926b3,24,0,33,12,1,1,1,1,0,0,0,1,56,5/9/2017,39451,This coffee store was alright. The coffee was okay and the service was decent.,$65.00 
4b0da7e80e5945209a1fdddfe813dbe0,35,1,21,8,0,1,1,1,0,1,0,1,20,11/17/2017,82161,I had a good experience at this coffee store. The coffee was hot and the service was friendly.,$51.00 
4b0da7e80e5945209a1fdddfe813dbe0,45,0,21,16,1,1,0,1,0,0,0,0,70,9/25/2017,109010,This coffee store was alright. The coffee was okay and the service was decent.,$39.00 
ebe7ef46ea6f4963a7dd49f501b26779,15,0,40,18,1,1,0,1,1,0,0,0,46,7/7/2018,124751,I was not impressed with this coffee store. The coffee was average and the service was slow.,$31.00 
389bc3fa690240e798340f5a15918d5c,61,0,21,11,1,1,1,0,1,1,1,1,42,7/9/2016,53168,I was not pleased with this coffee store. The coffee was average and the service was slow.,$39.00 
57dd18ec5ddc46828afb81ec5977bef2,54,0,33,20,1,1,1,1,1,0,1,0,96,1/21/2015,64911,This coffee store was okay. The coffee was decent and the service was alright.,$25.00 
78afa995795e4d85b5d9ceeca43f5fef,47,0,21,19,1,1,1,1,0,0,1,1,67,4/28/2018,35531,I had a horrible experience at this coffee store. The coffee was cold and the service was terrible.,$79.00 
4b0da7e80e5945209a1fdddfe813dbe0,83,0,21,10,1,1,0,1,1,0,0,0,36,8/12/2017,82907,I had a terrible experience at this coffee store. The coffee was weak and the service was rude.,$58.00 
aa4862eba776480b8bb9c68455b8c2e1,90,1,22,16,1,1,1,1,0,0,1,1,45,5/9/2017,76815,I had a horrible experience at this coffee store. The coffee was cold and the service was terrible.,$44.00 
f806632c011441378d4646567f357a21,27,1,45,18,1,1,1,1,1,0,0,1,71,2/7/2017,82178,I had the best experience at this coffee store. The coffee was delicious and the service was excellent.,$43.00 
389bc3fa690240e798340f5a15918d5c,31,0,52,20,1,1,0,1,0,0,0,0,60,11/17/2017,105420,I had a terrible experience at this coffee store. The coffee was weak and the service was rude.,$20.00 
389bc3fa690240e798340f5a15918d5c,37,1,43,13,0,1,0,1,1,0,0,1,68,7/9/2016,73168,This coffee store was okay. The coffee was decent and the service was alright.,$28.00 
aa4862eba776480b8bb9c68455b8c2e1,35,0,38,20,1,1,1,1,0,0,0,1,75,11/12/2015,44796,This coffee store was okay. The coffee was decent and the service was alright.,$84.00 
c0d210398dee4a0895b24444a5fcd1d2,21,0,22,20,1,1,1,1,1,0,0,0,20,7/7/2018,34099,I had a horrible experience at this coffee store. The coffee was cold and the service was terrible.,$51.00 
e2127556f4f64592b11af22de27a7932,59,1,26,18,1,1,0,1,0,0,0,0,20,7/9/2016,117298,I had a good experience at this coffee store. The coffee was hot and the service was friendly.,$42.00 
6e014185620b49bd98749f728747572f,40,0,37,19,1,1,0,1,1,1,1,1,23,6/16/2017,46702,I had an amazing experience at this coffee store. The coffee was flavorful and the service was outstanding.,$84.00 
d53717f5400c4e84affdaeda9dd926b3,38,1,21,11,1,1,1,1,1,0,1,1,69,7/9/2016,96138,I had a decent experience at this coffee store. The coffee was warm and the service was satisfactory.,$69.00 
f082d80f0aac47a99173ba8ef8fc1909,46,0,21,20,1,1,1,1,0,0,1,0,22,7/11/2016,75638,I had a good experience at this coffee store. The coffee was hot and the service was friendly.,$15.00 
f082d80f0aac47a99173ba8ef8fc1909,33,0,21,0,1,1,1,1,1,0,0,1,70,2/9/2018,72788,I had a decent experience at this coffee store. The coffee was warm and the service was satisfactory.,$65.00 
31dda685af34476cad5bc968bdb01c53,67,1,32,0,1,1,1,1,0,0,0,0,64,8/12/2017,105662,I was not satisfied with this coffee store. The coffee was bland and the service was slow.,$59.00 
31dda685af34476cad5bc968bdb01c53,53,0,21,18,1,1,1,1,0,0,1,0,20,11/12/2015,60855,This coffee store was alright. The coffee was okay and the service was decent.,$18.00 
389bc3fa690240e798340f5a15918d5c,51,1,29,14,1,1,1,1,1,0,0,0,53,11/12/2015,107095,I had a good experience at this coffee store. The coffee was hot and the service was friendly.,$85.00 
f082d80f0aac47a99173ba8ef8fc1909,31,1,34,18,1,1,0,1,0,0,1,0,38,11/12/2015,121974,I had a decent experience at this coffee store. The coffee was warm and the service was satisfactory.,$17.00 
ebe7ef46ea6f4963a7dd49f501b26779,22,0,21,20,1,1,0,1,0,1,0,1,20,8/14/2016,96629,I had a horrible experience at this coffee store. The coffee was cold and the service was terrible.,$65.00 
389bc3fa690240e798340f5a15918d5c,57,1,37,8,1,1,0,1,0,0,0,1,51,4/26/2018,41019,I had a good experience at this coffee store. The coffee was hot and the service was friendly.,$42.00 
ebe7ef46ea6f4963a7dd49f501b26779,60,1,30,19,1,1,0,1,0,0,0,0,61,1/21/2015,95775,I had a decent experience at this coffee store. The coffee was warm and the service was satisfactory.,$34.00 
ebe7ef46ea6f4963a7dd49f501b26779,46,1,21,20,1,1,1,1,0,0,0,0,50,11/11/2017,50901,I had a good experience at this coffee store. The coffee was hot and the service was friendly.,$21.00 
78afa995795e4d85b5d9ceeca43f5fef,86,1,21,5,0,1,0,1,1,1,0,0,55,9/9/2017,100692,I had a terrible experience at this coffee store. The coffee was weak and the service was rude.,$18.00 
ebe7ef46ea6f4963a7dd49f501b26779,25,0,31,12,1,1,1,1,1,0,0,1,36,4/26/2018,63177,I was not satisfied with this coffee store. The coffee was bland and the service was slow.,$64.00 
102e9454054946fda62242d2e176fdce,62,0,28,16,1,1,0,1,0,0,1,1,20,8/14/2016,106426,This coffee store was alright. The coffee was okay and the service was decent.,$31.00 
4b0da7e80e5945209a1fdddfe813dbe0,11,0,21,19,0,1,0,1,0,0,0,1,58,8/14/2016,89072,I had a good experience at this coffee store. The coffee was hot and the service was friendly.,$42.00 
389bc3fa690240e798340f5a15918d5c,23,1,21,20,1,1,0,1,0,0,1,0,20,2/9/2018,72606,I had an amazing experience at this coffee store. The coffee was flavorful and the service was outstanding.,$18.00 
c0d210398dee4a0895b24444a5fcd1d2,34,1,21,13,1,1,1,1,0,0,1,1,51,9/11/2017,114514,I had a horrible experience at this coffee store. The coffee was cold and the service was terrible.,$25.00 
868317b9be554cb18e50bc68484749a2,67,1,42,10,1,1,1,1,0,0,0,1,67,9/25/2017,73400,I had a horrible experience at this coffee store. The coffee was cold and the service was terrible.,$20.00 
6e014185620b49bd98749f728747572f,48,0,21,15,1,1,1,1,0,1,0,1,25,2/11/2016,86424,I had a terrible experience at this coffee store. The coffee was weak and the service was rude.,$26.00 
78afa995795e4d85b5d9ceeca43f5fef,54,1,21,13,0,1,1,1,0,0,1,0,20,2/7/2017,72954,I had a horrible experience at this coffee store. The coffee was cold and the service was terrible.,$84.00 
4b0da7e80e5945209a1fdddfe813dbe0,70,1,29,12,1,1,1,1,1,1,0,0,20,11/11/2017,92826,I had a decent experience at this coffee store. The coffee was warm and the service was satisfactory.,$43.00 
6e014185620b49bd98749f728747572f,27,1,35,20,1,1,0,1,1,1,1,0,56,7/9/2016,93663,I had a good experience at this coffee store. The coffee was hot and the service was friendly.,$58.00 
c27e0d6ab72c455a8bb66d980963de60,32,1,45,17,1,1,1,1,0,0,1,1,67,8/11/2013,99178,This coffee store was alright. The coffee was okay and the service was decent.,$21.00 
e2127556f4f64592b11af22de27a7932,87,1,35,6,1,1,1,1,0,0,0,1,29,2/9/2018,51371,I had a decent experience at this coffee store. The coffee was warm and the service was satisfactory.,$55.00 
389bc3fa690240e798340f5a15918d5c,72,0,32,9,1,1,1,1,1,0,1,1,43,7/7/2018,33430,I had a terrible experience at this coffee store. The coffee was weak and the service was rude.,$84.00 
2eeac8d8feae4a8cad5a6af0499a211d,36,0,21,18,1,1,1,1,0,0,0,1,67,2/9/2018,102556,I had the best experience at this coffee store. The coffee was delicious and the service was excellent.,$43.00 
1e9420836d554513ab90eba98552d0a9,22,0,34,12,1,1,0,1,0,0,0,0,42,7/9/2016,100385,I had a terrible experience at this coffee store. The coffee was weak and the service was rude.,$44.00 
2eeac8d8feae4a8cad5a6af0499a211d,32,1,44,14,1,1,0,1,0,0,1,0,51,4/26/2018,109624,I was not pleased with this coffee store. The coffee was average and the service was slow.,$58.00 
c0d210398dee4a0895b24444a5fcd1d2,41,1,21,11,1,1,1,1,0,0,0,0,64,6/16/2017,59402,I had a decent experience at this coffee store. The coffee was warm and the service was satisfactory.,$18.00 
9f30b375d7bd4c62a884ffe7034e09ee,63,0,21,4,1,1,1,1,0,0,0,0,64,4/28/2018,126926,I was not satisfied with this coffee store. The coffee was bland and the service was slow.,$33.00 
d53717f5400c4e84affdaeda9dd926b3,21,1,27,20,0,1,1,1,0,1,1,1,95,11/12/2015,52586,I had a terrible experience at this coffee store. The coffee was weak and the service was rude.,$70.00 
2eeac8d8feae4a8cad5a6af0499a211d,7,0,21,17,0,1,1,1,1,0,1,1,72,2/7/2017,61710,I had the best experience at this coffee store. The coffee was delicious and the service was excellent.,$59.00 
78afa995795e4d85b5d9ceeca43f5fef,7,1,25,12,1,1,0,1,0,0,1,0,55,7/9/2016,100315,I had a good experience at this coffee store. The coffee was hot and the service was friendly.,$13.00 
c27e0d6ab72c455a8bb66d980963de60,15,1,30,10,0,1,1,1,0,0,0,1,75,6/16/2017,120375,I had the best experience at this coffee store. The coffee was delicious and the service was excellent.,$26.00 
f806632c011441378d4646567f357a21,24,0,42,20,0,1,1,1,1,0,0,0,41,2/9/2018,54597,This coffee store was okay. The coffee was decent and the service was alright.,$58.00 
868317b9be554cb18e50bc68484749a2,50,1,21,10,1,1,1,1,0,0,1,0,57,8/14/2016,93594,I was not satisfied with this coffee store. The coffee was bland and the service was slow.,$58.00 
6e014185620b49bd98749f728747572f,63,0,21,11,1,1,0,1,0,0,0,0,96,2/7/2017,79551,I had the best experience at this coffee store. The coffee was delicious and the service was excellent.,$57.00 
1e9420836d554513ab90eba98552d0a9,90,1,47,18,1,1,1,1,1,1,0,1,20,4/26/2018,130269,I was not pleased with this coffee store. The coffee was average and the service was slow.,$79.00 
aa4862eba776480b8bb9c68455b8c2e1,28,1,27,20,1,1,1,1,1,0,1,1,20,9/9/2017,117077,I had the best experience at this coffee store. The coffee was delicious and the service was excellent.,$64.00 
d53717f5400c4e84affdaeda9dd926b3,90,1,38,20,1,1,1,1,0,0,1,0,79,1/21/2015,87413,I was not impressed with this coffee store. The coffee was average and the service was slow.,$38.00 
868317b9be554cb18e50bc68484749a2,48,0,34,12,1,1,1,1,1,1,0,1,74,1/21/2015,58260,I had a terrible experience at this coffee store. The coffee was weak and the service was rude.,$59.00 
c27e0d6ab72c455a8bb66d980963de60,40,1,29,3,1,1,1,1,0,0,1,1,47,4/26/2018,126921,I had a decent experience at this coffee store. The coffee was warm and the service was satisfactory.,$39.00 
2eeac8d8feae4a8cad5a6af0499a211d,90,0,23,20,1,1,1,1,1,0,0,0,50,5/18/2017,41147,I had a decent experience at this coffee store. The coffee was warm and the service was satisfactory.,$22.00 
e2127556f4f64592b11af22de27a7932,7,1,41,13,0,1,1,1,0,1,1,1,48,2/11/2016,89377,I had the best experience at this coffee store. The coffee was delicious and the service was excellent.,$54.00 
389bc3fa690240e798340f5a15918d5c,7,0,32,20,1,1,1,1,1,0,0,1,55,1/21/2015,47947,This coffee store was okay. The coffee was decent and the service was alright.,$76.00 
f806632c011441378d4646567f357a21,68,0,21,16,1,1,1,1,1,0,1,1,78,2/9/2018,130647,I had a horrible experience at this coffee store. The coffee was cold and the service was terrible.,$54.00 
d53717f5400c4e84affdaeda9dd926b3,56,0,21,20,1,1,1,1,1,0,1,0,45,8/12/2017,119482,I had a horrible experience at this coffee store. The coffee was cold and the service was terrible.,$66.00 
f806632c011441378d4646567f357a21,51,1,21,17,1,1,0,1,0,1,0,1,60,7/7/2018,60464,I had a good experience at this coffee store. The coffee was hot and the service was friendly.,$10.00 
c0d210398dee4a0895b24444a5fcd1d2,55,1,30,14,1,1,1,1,0,0,0,1,79,11/12/2015,52400,I was not satisfied with this coffee store. The coffee was bland and the service was slow.,$34.00 
aa4862eba776480b8bb9c68455b8c2e1,36,0,39,9,1,1,1,1,0,0,1,0,63,9/11/2017,47259,I had a horrible experience at this coffee store. The coffee was cold and the service was terrible.,$39.00 
868317b9be554cb18e50bc68484749a2,59,0,45,8,1,1,1,1,0,0,0,0,24,4/26/2018,70963,I was not pleased with this coffee store. The coffee was average and the service was slow.,$70.00 
102e9454054946fda62242d2e176fdce,88,0,21,4,0,1,1,1,0,0,0,1,32,11/11/2017,71280,I had a terrible experience at this coffee store. The coffee was weak and the service was rude.,$44.00 
78afa995795e4d85b5d9ceeca43f5fef,81,1,21,0,1,1,1,1,0,1,0,1,96,6/16/2017,65547,I had a horrible experience at this coffee store. The coffee was cold and the service was terrible.,$13.00 
6e014185620b49bd98749f728747572f,27,0,34,8,1,1,0,1,0,0,0,1,68,7/7/2018,70437,I had a terrible experience at this coffee store. The coffee was weak and the service was rude.,$56.00 
f082d80f0aac47a99173ba8ef8fc1909,14,1,24,15,1,1,0,1,1,1,1,0,20,2/7/2017,105282,I had a terrible experience at this coffee store. The coffee was weak and the service was rude.,$85.00 
c0d210398dee4a0895b24444a5fcd1d2,9,0,29,20,1,1,0,1,1,0,0,1,76,11/17/2017,117074,I was not satisfied with this coffee store. The coffee was bland and the service was slow.,$84.00 
2eeac8d8feae4a8cad5a6af0499a211d,47,0,21,3,1,1,1,1,1,0,0,0,61,4/28/2018,61442,I had a terrible experience at this coffee store. The coffee was weak and the service was rude.,$13.00 
6e014185620b49bd98749f728747572f,35,1,21,14,1,1,1,1,0,0,1,0,45,9/11/2017,98120,I had an amazing experience at this coffee store. The coffee was flavorful and the service was outstanding.,$42.00 
78afa995795e4d85b5d9ceeca43f5fef,36,1,40,10,1,1,1,1,0,0,0,1,88,11/17/2017,100552,This coffee store was alright. The coffee was okay and the service was decent.,$55.00 
c27e0d6ab72c455a8bb66d980963de60,58,0,24,19,1,1,0,1,0,0,1,0,96,2/11/2016,40524,I had a terrible experience at this coffee store. The coffee was weak and the service was rude.,$11.00 
c27e0d6ab72c455a8bb66d980963de60,28,1,21,20,1,1,1,1,0,1,1,1,57,7/11/2016,41914,I had a horrible experience at this coffee store. The coffee was cold and the service was terrible.,$73.00 
78afa995795e4d85b5d9ceeca43f5fef,49,0,25,15,1,1,1,1,0,0,1,1,65,4/28/2018,104099,I had the best experience at this coffee store. The coffee was delicious and the service was excellent.,$57.00 
f082d80f0aac47a99173ba8ef8fc1909,83,0,27,9,1,1,1,1,0,1,0,1,53,5/18/2017,32418,I had a good experience at this coffee store. The coffee was hot and the service was friendly.,$70.00 
4b0da7e80e5945209a1fdddfe813dbe0,19,0,34,17,1,1,1,1,0,1,0,1,69,4/28/2018,95274,This coffee store was okay. The coffee was decent and the service was alright.,$22.00 
ebe7ef46ea6f4963a7dd49f501b26779,45,1,24,6,1,1,1,1,1,0,0,0,79,8/11/2013,64403,I had the best experience at this coffee store. The coffee was delicious and the service was excellent.,$22.00 
57dd18ec5ddc46828afb81ec5977bef2,53,0,33,12,1,1,0,1,0,0,0,1,62,7/7/2018,125088,I had a good experience at this coffee store. The coffee was hot and the service was friendly.,$56.00 
02c083884c7d45b39cc68e1314fec56c,74,0,25,0,1,1,1,1,0,0,0,1,44,8/14/2016,119867,I had the best experience at this coffee store. The coffee was delicious and the service was excellent.,$61.00 
6e014185620b49bd98749f728747572f,30,1,40,17,1,1,1,1,1,0,0,0,53,2/11/2016,105139,I had the best experience at this coffee store. The coffee was delicious and the service was excellent.,$10.00 
102e9454054946fda62242d2e176fdce,86,1,26,15,1,1,1,1,0,0,0,1,92,11/11/2017,97683,I had a horrible experience at this coffee store. The coffee was cold and the service was terrible.,$51.00 
9f30b375d7bd4c62a884ffe7034e09ee,62,0,52,19,1,1,1,1,0,1,0,0,58,4/28/2018,108474,I had a decent experience at this coffee store. The coffee was warm and the service was satisfactory.,$26.00 
ebe7ef46ea6f4963a7dd49f501b26779,64,1,21,20,1,1,0,1,0,0,0,1,79,8/14/2016,78339,This coffee store was alright. The coffee was okay and the service was decent.,$38.00 
c0d210398dee4a0895b24444a5fcd1d2,43,1,28,12,1,1,1,1,0,0,0,1,84,11/17/2017,118401,I had a horrible experience at this coffee store. The coffee was cold and the service was terrible.,$50.00 
f806632c011441378d4646567f357a21,30,0,21,8,1,1,1,0,1,0,1,0,56,7/9/2016,94236,I had the best experience at this coffee store. The coffee was delicious and the service was excellent.,$33.00 
f082d80f0aac47a99173ba8ef8fc1909,31,0,39,17,1,1,0,1,1,0,1,1,44,11/17/2017,78594,I was not satisfied with this coffee store. The coffee was bland and the service was slow.,$20.00 
78afa995795e4d85b5d9ceeca43f5fef,67,0,25,14,1,1,1,1,0,0,0,0,53,9/9/2017,77359,I was not pleased with this coffee store. The coffee was average and the service was slow.,$10.00 
d53717f5400c4e84affdaeda9dd926b3,82,0,21,7,1,1,1,1,1,0,0,1,75,8/14/2016,36048,I had a good experience at this coffee store. The coffee was hot and the service was friendly.,$11.00 
6e014185620b49bd98749f728747572f,76,1,21,15,0,1,0,0,0,0,0,0,20,5/18/2017,126724,I had a decent experience at this coffee store. The coffee was warm and the service was satisfactory.,$7.00 
868317b9be554cb18e50bc68484749a2,48,1,39,20,1,1,1,1,1,0,1,0,77,8/12/2017,117607,I had a decent experience at this coffee store. The coffee was warm and the service was satisfactory.,$50.00 
389bc3fa690240e798340f5a15918d5c,69,1,35,19,1,1,1,1,1,1,1,1,74,9/25/2017,50904,This coffee store was okay. The coffee was decent and the service was alright.,$38.00 
ebe7ef46ea6f4963a7dd49f501b26779,21,0,27,3,1,1,1,1,0,0,0,1,72,4/28/2018,72730,I had the worst experience at this coffee store. The coffee was cold and the service was terrible.,$70.00 
ebe7ef46ea6f4963a7dd49f501b26779,57,1,31,2,0,1,1,1,0,0,1,1,62,6/16/2017,58627,I had the best experience at this coffee store. The coffee was delicious and the service was excellent.,$83.00 
ebe7ef46ea6f4963a7dd49f501b26779,85,0,35,20,1,1,0,1,0,0,0,1,59,11/17/2017,36554,I had an amazing experience at this coffee store. The coffee was flavorful and the service was outstanding.,$63.00 
f082d80f0aac47a99173ba8ef8fc1909,57,0,33,14,1,1,1,1,1,0,0,1,48,7/7/2018,79907,I had a decent experience at this coffee store. The coffee was warm and the service was satisfactory.,$44.00 
ebe7ef46ea6f4963a7dd49f501b26779,42,0,21,12,1,1,1,1,1,1,0,0,69,5/9/2017,86131,I had the best experience at this coffee store. The coffee was delicious and the service was excellent.,$11.00 
c27e0d6ab72c455a8bb66d980963de60,68,1,32,8,1,1,1,1,0,1,1,0,20,5/18/2017,75700,I was not pleased with this coffee store. The coffee was average and the service was slow.,$38.00 
aa4862eba776480b8bb9c68455b8c2e1,76,0,44,15,1,1,0,1,0,0,1,1,82,2/11/2016,44714,I had a good experience at this coffee store. The coffee was hot and the service was friendly.,$10.00 
102e9454054946fda62242d2e176fdce,63,1,21,13,1,1,1,1,0,0,1,1,50,8/14/2016,43641,I was not satisfied with this coffee store. The coffee was bland and the service was slow.,$64.00 
389bc3fa690240e798340f5a15918d5c,49,0,30,9,1,1,1,1,0,1,0,0,20,5/9/2017,91152,I had a horrible experience at this coffee store. The coffee was cold and the service was terrible.,$38.00 
aa4862eba776480b8bb9c68455b8c2e1,26,1,22,7,1,1,1,1,0,1,0,1,52,4/28/2018,63610,I had a terrible experience at this coffee store. The coffee was weak and the service was rude.,$33.00 
78afa995795e4d85b5d9ceeca43f5fef,43,0,28,5,1,1,1,1,0,0,0,1,61,7/9/2016,42010,This coffee store was alright. The coffee was okay and the service was decent.,$39.00 
d53717f5400c4e84affdaeda9dd926b3,48,0,32,20,1,1,1,1,1,0,0,1,20,2/11/2016,36231,This coffee store was alright. The coffee was okay and the service was decent.,$17.00 
2eeac8d8feae4a8cad5a6af0499a211d,49,0,22,9,1,1,1,1,0,0,0,1,89,9/25/2017,56024,I had a good experience at this coffee store. The coffee was hot and the service was friendly.,$13.00 
9f30b375d7bd4c62a884ffe7034e09ee,55,0,34,15,1,1,1,1,0,0,1,0,62,6/16/2017,56792,I had a good experience at this coffee store. The coffee was hot and the service was friendly.,$44.00 
ebe7ef46ea6f4963a7dd49f501b26779,7,1,25,7,1,1,1,1,1,0,1,1,47,5/18/2017,99063,I had a decent experience at this coffee store. The coffee was warm and the service was satisfactory.,$33.00 
f082d80f0aac47a99173ba8ef8fc1909,51,0,22,20,1,1,0,1,0,0,0,0,91,6/16/2017,88221,I was not pleased with this coffee store. The coffee was average and the service was slow.,$64.00 
ebe7ef46ea6f4963a7dd49f501b26779,19,0,21,19,1,1,1,1,0,1,1,1,26,9/25/2017,57089,I had a terrible experience at this coffee store. The coffee was weak and the service was rude.,$10.00 
aa4862eba776480b8bb9c68455b8c2e1,64,1,33,8,1,1,0,1,0,0,1,0,73,7/11/2016,118389,I had a horrible experience at this coffee store. The coffee was cold and the service was terrible.,$11.00 
9f30b375d7bd4c62a884ffe7034e09ee,26,1,40,2,1,1,0,1,0,0,1,1,35,1/21/2015,59613,This coffee store was okay. The coffee was decent and the service was alright.,$64.00 
2eeac8d8feae4a8cad5a6af0499a211d,39,0,27,9,1,1,1,1,0,0,0,1,96,8/14/2016,96677,I had a terrible experience at this coffee store. The coffee was weak and the service was rude.,$24.00 
c27e0d6ab72c455a8bb66d980963de60,11,0,29,6,0,1,1,1,0,0,0,1,53,9/9/2017,47626,I had a decent experience at this coffee store. The coffee was warm and the service was satisfactory.,$79.00 
389bc3fa690240e798340f5a15918d5c,61,0,40,4,1,1,1,1,1,0,1,0,80,7/7/2018,50040,I had a terrible experience at this coffee store. The coffee was weak and the service was rude.,$51.00 
d53717f5400c4e84affdaeda9dd926b3,42,1,30,20,1,1,1,1,0,0,1,1,61,7/9/2016,77205,This coffee store was okay. The coffee was decent and the service was alright.,$7.00 
c27e0d6ab72c455a8bb66d980963de60,34,0,35,7,1,1,0,1,0,0,0,0,81,9/11/2017,115940,I had the best experience at this coffee store. The coffee was delicious and the service was excellent.,$54.00 
d53717f5400c4e84affdaeda9dd926b3,90,0,21,20,1,1,1,1,0,0,0,1,20,2/7/2017,64898,I had a horrible experience at this coffee store. The coffee was cold and the service was terrible.,$15.00 
389bc3fa690240e798340f5a15918d5c,44,1,21,10,1,1,1,1,0,0,1,1,41,4/28/2018,83842,I had a good experience at this coffee store. The coffee was hot and the service was friendly.,$38.00 
c0d210398dee4a0895b24444a5fcd1d2,46,0,24,20,1,1,0,1,0,0,0,0,56,8/14/2016,107793,I had an amazing experience at this coffee store. The coffee was flavorful and the service was outstanding.,$10.00 
c0d210398dee4a0895b24444a5fcd1d2,7,0,31,20,0,1,1,1,0,1,1,1,39,7/9/2016,99322,I had a decent experience at this coffee store. The coffee was warm and the service was satisfactory.,$6.00 
d53717f5400c4e84affdaeda9dd926b3,90,0,28,16,0,1,0,1,0,0,1,1,81,5/9/2017,78132,I had a terrible experience at this coffee store. The coffee was weak and the service was rude.,$59.00 
31dda685af34476cad5bc968bdb01c53,72,0,22,11,1,1,0,1,1,0,1,1,59,6/16/2017,49167,I had a decent experience at this coffee store. The coffee was warm and the service was satisfactory.,$31.00 
f082d80f0aac47a99173ba8ef8fc1909,20,1,35,18,1,1,1,1,1,0,1,1,64,2/7/2017,68273,I had a decent experience at this coffee store. The coffee was warm and the service was satisfactory.,$13.00 
389bc3fa690240e798340f5a15918d5c,67,1,30,18,1,1,0,1,0,0,0,1,58,5/9/2017,111282,I was not pleased with this coffee store. The coffee was average and the service was slow.,$26.00 
2eeac8d8feae4a8cad5a6af0499a211d,53,1,21,14,0,1,0,1,1,0,0,0,38,5/18/2017,56205,I had a decent experience at this coffee store. The coffee was warm and the service was satisfactory.,$61.00 
9f30b375d7bd4c62a884ffe7034e09ee,90,0,21,4,1,1,1,1,1,0,0,1,20,11/12/2015,59399,This coffee store was okay. The coffee was decent and the service was alright.,$33.00 
31dda685af34476cad5bc968bdb01c53,51,0,21,12,1,1,1,1,1,0,0,0,39,7/7/2018,104782,I had a terrible experience at this coffee store. The coffee was weak and the service was rude.,$78.00 
6e014185620b49bd98749f728747572f,24,0,38,15,1,1,1,1,0,0,1,1,20,11/17/2017,49968,I was not pleased with this coffee store. The coffee was average and the service was slow.,$11.00 
78afa995795e4d85b5d9ceeca43f5fef,28,1,45,0,1,1,1,1,0,0,0,1,50,11/17/2017,47003,I had the best experience at this coffee store. The coffee was delicious and the service was excellent.,$31.00 
57dd18ec5ddc46828afb81ec5977bef2,90,0,21,19,1,1,0,1,0,0,1,1,60,4/26/2018,47397,This coffee store was okay. The coffee was decent and the service was alright.,$78.00 
f806632c011441378d4646567f357a21,26,0,21,17,1,1,1,1,0,0,1,1,61,2/9/2018,123828,I had the best experience at this coffee store. The coffee was delicious and the service was excellent.,$38.00 
ebe7ef46ea6f4963a7dd49f501b26779,45,0,23,15,1,1,1,1,1,0,0,1,91,7/9/2016,115213,I was not pleased with this coffee store. The coffee was average and the service was slow.,$22.00 
6e014185620b49bd98749f728747572f,42,1,24,20,1,1,0,1,0,0,1,1,69,1/21/2015,126847,This coffee store was okay. The coffee was decent and the service was alright.,$7.00 
c0d210398dee4a0895b24444a5fcd1d2,44,0,27,20,1,1,1,1,0,1,1,0,57,9/11/2017,58963,I had a horrible experience at this coffee store. The coffee was cold and the service was terrible.,$26.00 
aa4862eba776480b8bb9c68455b8c2e1,58,1,36,15,1,1,1,1,0,0,1,1,55,9/9/2017,46991,This coffee store was okay. The coffee was decent and the service was alright.,$64.00 
9f30b375d7bd4c62a884ffe7034e09ee,90,0,28,14,0,1,0,1,1,0,1,0,74,7/9/2016,75834,I had a decent experience at this coffee store. The coffee was warm and the service was satisfactory.,$61.00 
d53717f5400c4e84affdaeda9dd926b3,22,1,27,19,1,1,0,1,1,0,1,1,48,11/12/2015,81613,I was not pleased with this coffee store. The coffee was average and the service was slow.,$78.00 
f806632c011441378d4646567f357a21,20,1,41,19,1,1,1,1,0,0,1,0,80,2/11/2016,34044,I was not satisfied with this coffee store. The coffee was bland and the service was slow.,$10.00 
4b0da7e80e5945209a1fdddfe813dbe0,41,1,21,14,1,1,1,1,0,0,0,0,44,9/25/2017,89491,This coffee store was okay. The coffee was decent and the service was alright.,$57.00 
868317b9be554cb18e50bc68484749a2,50,0,21,0,1,1,0,1,0,1,1,0,25,5/18/2017,62251,I was not satisfied with this coffee store. The coffee was bland and the service was slow.,$24.00 
