School,District,City,Zip,County,Phone,Low Grade,High Grade,Is Title I,Is Charter,Is Magnet,Is Virtual,Number Students,Number Fulltime Teachers,Student/Teacher Ratio,Percent Free/Disc Lunch,Percent Homes Rented,Percent parents with less than High School education,Percent Parents with Masters and above education,Percent Home Incomes less than Median income,Percent using Food stamps,Percent of Crimes,Percent White1
Texas High School 1,Fort Bend Independent School District,Sugar Land,77498,Fort Bend,(281) 634-2000,9,12,No,Yes,No,Yes,3992,77,9,0.12,0.09,0.36,0.99,0.46,0.29,0.84,0.89
Texas High School 2,Nazareth Independent School District,Nazareth,79063,Castro,(806) 945-2231,KG,12,No,No,No,Yes,2041,82,16,0.71,0.25,0.55,0.04,0.21,0.74,0.99,0.93
Texas High School 3,Treetops School International,Euless,76040,Tarrant,(817) 283-1771,KG,12,No,No,No,Yes,1223,122,10,0.09,0.96,0.44,0.17,0.45,0.99,0.34,0.62
Texas High School 4,Boerne Independent School District,Boerne,78006,Kendall,(830) 357-2600,9,12,No,No,No,No,2426,86,15,0.72,0.69,0.1,0.6,0.53,0.45,0.42,0.86
Texas High School 5,Barbers Hill Independent School District,Mont Belvieu,77580,Chambers,(281) 576-2221,9,12,(n/a),No,No,Yes,3377,93,10,0.28,0.57,0.01,0.1,0.17,0.32,0.23,0.38
Texas High School 6,Miami Independent School District,Miami,79059,Roberts,(806) 868-3971,PK,12,No,No,No,Yes,1980,104,18,0.22,0.42,0.16,0.48,0.32,0.97,0.92,0.32
Texas High School 7,Conroe Independent School District,The Woodlands,77384,Montgomery,(936) 709-3000,9,12,Yes,No,No,No,2834,73,9,0.39,0.12,0.39,0.79,0.5,0.3,0.14,0.7
Texas High School 8,Plano Independent School District,Plano,75074,Collin,(469) 752-9000,9,12,Yes,No,No,No,3292,108,18,0.18,0.65,0.87,0.22,0.16,0.23,0.17,0.94
Texas High School 9,Dallas Independent School District,Dallas,75241,Dallas,(214) 932-7300,9,12,No,No,No,Yes,4490,109,11,0.27,0.7,0.27,0.2,0.56,0.99,0.64,0.21
Texas High School 10,Pearland Independent School District,Pearland,77581,Brazoria,(281) 727-1600,9,12,Yes,No,No,Yes,1479,122,18,0.89,0.93,0.01,0.6,0.8,0.2,0.44,0.92
Texas High School 11,Yes Prep Public Schools Inc,Houston,77039,Harris,(281) 227-2044,6,12,No,No,No,No,1583,67,18,0.83,0.9,0.97,0.7,0.06,0.6,0.07,0.57
Texas High School 12,Austin Independent School District,Austin,78759,Travis,(512) 414-2538,9,12,Yes,No,No,Yes,813,95,3,0.64,0.52,0.57,0.76,0.72,0.28,0.7,0.2
Texas High School 13,Dripping Springs Independent School District,Dripping Springs,78620,Hays,(512) 858-3100,9,12,Yes,No,No,Yes,3847,72,14,0.84,0.05,0.17,0.8,0.46,0.89,0.39,0.73
Texas High School 14,Cypress-Fairbanks Independent School District,Cypress,77429,Harris,(281) 897-4600,9,12,Yes,No,No,Yes,1284,82,8,0.7,0.77,0.37,0.93,0.24,0.46,0.89,0.2
Texas High School 15,Rockwall Independent School District,Rockwall,75087,Rockwall,(972) 771-7339,9,12,No,No,No,Yes,1995,100,4,0.06,1,0.38,0.02,0.36,0.37,0.88,0.17
Texas High School 16,Yes Prep Public Schools Inc,Houston,77034,Harris,(713) 967-9400,6,12,No,No,No,Yes,3076,67,12,0.7,0.14,0.03,0.57,0.43,0.24,0.23,0.53
Texas High School 17,McKinney Independent School District,McKinney,75070,Collin,(469) 302-4300,9,12,Yes,No,No,No,1917,101,3,0.09,0.53,0.86,0.81,0.61,0.16,0.37,0.61
Texas High School 18,Clear Creek Independent School District,League City,77573,Galveston,(281) 284-1100,9,12,No,No,No,No,1953,97,7,0.71,0.72,0.55,0.31,0.9,0.76,0.26,0.93
Texas High School 19,Van Alstyne Independent School District,Van Alstyne,75495,Grayson,(903) 482-8803,9,12,No,No,No,No,3626,87,17,0.04,0.8,0.28,0.57,0.17,0.48,0.76,1
Texas High School 20,Randolph Field Independent School District,Universal City,78148,Bexar,(210) 357-2400,9,12,No,No,No,Yes,3776,101,18,0.51,0.36,0.9,0.19,0.76,0.28,0.74,0.42
Texas High School 21,Frisco Independent School District,Frisco,75034,Collin,(469) 633-5500,9,12,Yes,No,No,Yes,2806,90,2,0.37,0.8,0.75,0.67,0.77,0.51,0.54,0.82
Texas High School 22,South Texas Independent School District,Mercedes,78570,Hidalgo,(956) 565-2237,9,12,No,No,No,Yes,1612,81,14,0.02,0.85,0.98,0.41,0.38,1,0.01,0.48
Texas High School 23,Keller Independent School District,Keller,76244,Tarrant,(817) 744-2000,9,12,No,No,No,No,3649,81,3,0.49,0.78,0.51,0.94,0.41,0.91,0.18,0.42
Texas High School 24,Clear Creek Independent School District,League City,77573,Galveston,(281) 284-1300,9,12,No,No,No,Yes,1918,125,11,0.18,0.48,0.74,0.99,0.04,0.66,0.66,0.82
Texas High School 25,Austin Independent School District,Austin,78756,Travis,(512) 414-2519,9,12,No,No,No,No,187,73,12,0.93,0.86,0.92,0.82,0.57,0.53,0.48,0.88
Texas High School 26,Fort Bend Independent School District,Missouri City,77459,Fort Bend,(281) 327-5200,9,12,No,No,No,No,2641,91,1,0.96,0.23,0.64,0.08,0.27,0.43,0.66,0.84
Texas High School 27,Spring Branch Independent School District,Houston,77079,Harris,(713) 251-1800,6,12,Yes,Yes,No,No,348,88,17,0.28,0.11,0.65,0.64,0.61,0.49,0.95,0.9
Texas High School 28,Pharr-San Juan-Alamo Independent School District,Pharr,78577,Hidalgo,(956) 784-8525,9,12,Yes,No,No,No,231,69,8,0.3,0.39,0.19,0.57,0.36,0.8,0.26,0.21
Texas High School 29,Coppell Independent School District,Coppell,75019,Dallas,(214) 496-5900,9,12,Yes,No,No,Yes,3020,128,1,0.29,0.18,0.27,0.56,0.72,0.5,0.64,0.65
Texas High School 30,Mercedes Independent School District,Mercedes,78570,Hidalgo,(956) 514-5180,9,12,Yes,No,No,Yes,3245,81,5,0.38,0.58,0.43,0.03,0.21,0.47,0.04,0.14
Texas High School 31,Harmony School Of Excellence,Houston,77084,Harris,(713) 343-3333,KG,12,Yes,Yes,No,No,1016,75,4,0.69,0.97,0.02,0.63,0.15,0.36,0.64,0.61
Texas High School 32,Forney Independent School District,Forney,75126,Kaufman,(972) 564-3890,9,12,No,No,No,No,652,70,17,0.33,0.83,0.45,0.4,0.32,0.62,0.63,0.15
Texas High School 33,Harmony Science Academy (Waco),Fort Worth,76123,Tarrant,(817) 386-5505,4,12,(n/a),Yes,(n/a),Yes,1861,,,0.31,0.25,0.18,0.38,0.6,0.39,0.18,0.45
Texas High School 34,Brock Independent School District,Brock,76087,Parker,(817) 596-7425,9,12,No,No,No,No,4107,29,12.1,0.84,0.39,0.86,0.54,0.67,0.32,0.43,0.54
Texas High School 35,Lamar Consolidated Independent School District,Richmond,77406,Fort Bend,(832) 223-3800,9,12,No,No,No,No,3562,103,20.6,0.85,0.25,0.76,0.03,0.73,0.16,0.7,0.99
Texas High School 36,Lindale Independent School District,Lindale,75771,Smith,(903) 882-6138,9,12,Yes,No,No,Yes,2608,84,13.7,0.59,0.81,0.66,0.4,0.53,0.88,0.23,0.32
Texas High School 37,Poth Independent School District,Poth,78147,Wilson,(830) 484-3322,9,12,Yes,No,No,No,266,26,9.5,0.32,0.01,0.23,0.47,0.85,0.43,0.91,0.22
Texas High School 38,Montgomery Independent School District,Montgomery,77356,Montgomery,(936) 597-6401,9,12,No,No,No,Yes,487,154,15.3,0.4,0.4,0.87,0.51,0.47,0.28,1,0.69
Texas High School 39,Mumford Independent School District,Mumford,77807,Robertson,(979) 279-3678,7,12,Yes,No,No,No,336,16,13.6,0.17,0.7,0.27,0.9,0.81,1,0.05,0.72
Texas High School 40,Conroe Independent School District,Conroe,77385,Montgomery,(832) 592-5300,9,12,No,No,No,No,3834,202,18,0.78,0.47,0.27,0.1,0.4,0.26,0.52,0.67
Texas High School 41,Schertz-Cibolo-U City Independent School District,Cibolo,78108,Guadalupe,(210) 619-4000,9,12,No,No,No,No,3227,118,18.6,0.79,0.58,0.01,0.29,0.45,0.44,0.38,0.84
Texas High School 42,Northside Independent School District,San Antonio,78249,Bexar,(210) 397-8200,9,12,No,No,No,No,1650,149,17.4,0.82,0.24,0.66,0.41,0.09,0.49,0.47,0.34
Texas High School 43,Franklin Independent School District,Franklin,77856,Robertson,(979) 828-7100,9,12,No,No,No,No,3741,39,8.2,0.25,0.38,0.01,0.84,0.28,0.81,0.06,0.74
Texas High School 44,Panola Charter School,Carthage,75633,Panola,(903) 694-4029,8,12,No,Yes,No,Yes,2882,2,15.5,0.42,0.09,0.02,0.82,0.73,0.56,0.32,0.81
Texas High School 45,Lorena Independent School District,Lorena,76655,McLennan,(254) 857-4604,9,12,No,No,No,Yes,1150,42,12.4,0.86,0.37,0.18,0.33,0.65,0.01,0.93,0.01
Texas High School 46,McMullen County Independent School District,Tilden,78072,McMullen,(361) 274-2000,PK,12,No,No,No,Yes,2937,24,11,0.58,0.02,0.92,0.64,0.67,0.22,0.5,0.19
Texas High School 47,Falls City Independent School District,Falls City,78113,Karnes,(830) 254-3551,7,12,No,No,No,No,2115,17,10.6,0.54,0.87,0.11,0.09,0.64,0.79,0.71,0.63
Texas High School 48,Northwest Independent School District,Fort Worth,76052,Tarrant,(817) 698-3955,9,12,(n/a),No,No,Yes,465,,,,,,,,,,
Texas High School 49,Keller Independent School District,Fort Worth,76244,Tarrant,(817) 744-2300,9,12,No,No,No,Yes,559,161,18.3,0.22,0.1,0.01,0.06,0.24,0,0.03,0.56
Texas High School 50,Era Independent School District,Era,76238,Cooke,(940) 665-5961,KG,12,Yes,No,No,No,1305,38,12.4,0.36,0,0.01,0,0.11,0,0.03,0.84
Texas High School 51,Abilene Independent School District,Abilene,79601,Taylor,(325) 794-4140,9,12,Yes,No,No,No,2976,21,18.7,0.45,0.06,0.01,0,0.34,0,0.03,0.56
Texas High School 52,Miles Independent School District,Miles,76861,Runnels,(325) 468-2861,7,12,No,No,No,Yes,2268,21,9.6,0.27,0,0,0.01,0.35,0,0,0.65
Texas High School 53,Sabine Pass Independent School District,Sabine Pass,77655,Jefferson,(409) 971-2321,PK,12,Yes,No,No,Yes,939,31,12.2,0.64,0.19,0.01,0.02,0.34,0,0.02,0.43
Texas High School 54,Fort Bend Independent School District,Sugar Land,77478,Fort Bend,(281) 634-5600,9,12,No,No,No,No,3772,118,18.5,0.2,0.18,0.01,0.35,0.18,0,0.03,0.26
Texas High School 55,Gruver Independent School District,Gruver,79040,Hansford,(806) 733-2477,9,12,Yes,No,No,Yes,4438,18,7.6,0.41,0,0.01,0,0.57,0,0.01,0.42
Texas High School 56,Albany Independent School District,Albany,76430,Shackelford,(325) 762-3974,7,12,Yes,No,No,Yes,1060,23,9.3,0.31,0.02,0.01,0,0.16,0.01,0.02,0.79
Texas High School 57,Rockwall Independent School District,Heath,75032,Rockwall,(972) 772-2474,9,12,Yes,No,No,Yes,789,119,18.4,0.26,0.08,0.01,0.04,0.23,0,0.03,0.62
Texas High School 58,Northside Independent School District,San Antonio,78249,Bexar,(210) 397-5150,9,12,No,No,No,Yes,386,161,17.4,0.32,0.06,0,0.04,0.54,0,0.03,0.33
Texas High School 59,Alamo Heights Independent School District,San Antonio,78209,Bexar,(210) 820-8850,9,12,No,No,No,Yes,788,105,14.7,0.14,0.01,0.01,0.03,0.4,0,0.01,0.55
Texas High School 60,Ysleta Independent School District,El Paso,79925,El Paso,(915) 434-4000,9,12,Yes,No,No,No,3680,142,16.1,0.56,0.02,0,0,0.89,0,0.01,0.08
Texas High School 61,Schertz-Cibolo-U City Independent School District,Schertz,78154,Guadalupe,(210) 945-6501,8,12,No,No,No,No,3954,131,18.7,0.23,0.11,0,0.02,0.38,0,0.04,0.44
Texas High School 62,Gunter Independent School District,Gunter,75058,Grayson,(903) 433-1542,9,12,No,No,No,No,3211,25,10.2,0.26,0,0.01,0.01,0.16,0,0.02,0.8
Texas High School 63,Bushland Independent School District,Bushland,79012,Potter,(806) 359-5418,9,12,No,No,No,Yes,1806,45,11.1,0.15,0.01,0.01,0.01,0.14,0,0.03,0.81
Texas High School 64,Pearland Independent School District,Pearland,77584,Brazoria,(281) 485-3203,9,12,Yes,No,No,Yes,1697,51,16.6,0.25,0.13,0.01,0.06,0.37,0,0.02,0.43
Texas High School 65,Holliday Independent School District,Holliday,76366,Archer,(940) 586-1624,9,12,No,No,No,Yes,3950,25,10.2,0.18,0,0,0,0.05,0,0.01,0.94
Texas High School 66,Spring Branch Independent School District,Houston,77079,Harris,(713) 251-3400,9,12,No,No,No,No,4455,117,16.4,0.23,0.11,0,0.08,0.24,0,0.01,0.55
Texas High School 67,Leander Independent School District,Leander,78641,Williamson,(512) 570-2000,9,12,Yes,No,No,Yes,3533,141,16.5,0.25,0.07,0.01,0.02,0.29,0,0.03,0.58
Texas High School 68,Harmony Science Academy (Waco),Euless,76040,Tarrant,(817) 354-3000,5,12,(n/a),Yes,(n/a),Yes,3900,,,0.55,0.23,0,0.11,0.17,0,0.02,0.47
Texas High School 69,Kennard Independent School District,Kennard,75847,Houston,(936) 655-2335,6,12,Yes,No,No,No,3969,16,9.1,0.58,0.18,0.02,0,0.03,0,0.05,0.72
Texas High School 70,Tolar Independent School District,Tolar,76476,Hood,(254) 835-4316,9,12,No,No,No,Yes,586,21,11.3,0.19,0.01,0,0,0.03,0,0.01,0.95
Texas High School 71,Spring Hill Independent School District,Longview,75605,Gregg,(903) 446-3338,9,12,No,No,No,No,2748,39,12.7,0.25,0.11,0,0.03,0.11,0,0.02,0.73
Texas High School 72,Pflugerville Independent School District,Pflugerville,78660,Travis,(512) 594-1100,9,12,Yes,No,No,Yes,2009,161,17.2,0.37,0.18,0,0.05,0.4,0.01,0.03,0.33
Texas High School 73,Lackland Independent School District,San Antonio,78236,Bexar,(210) 357-5100,7,12,No,No,No,No,507,28,10.2,0.25,0.17,0.01,0.05,0.25,0.02,0.12,0.39
Texas High School 74,Wimberley Independent School District,Wimberley,78676,Hays,(512) 847-5729,8,12,No,No,No,No,3199,51,13.6,0.19,0,0,0,0.18,0,0.03,0.78
Texas High School 75,Blackwell Consolidated Independent School District,Blackwell,79506,Nolan,(325) 282-2311,PK,12,No,No,No,Yes,4101,24,5.4,0.41,0,0.02,0,0.15,0,0.02,0.82
Texas High School 76,Richardson Independent School District,Richardson,75080,Dallas,(469) 593-3000,9,12,Yes,No,No,Yes,147,174,15.2,0.49,0.2,0.01,0.08,0.41,0,0.03,0.27
Texas High School 77,White Oak Independent School District,White Oak,75693,Gregg,(903) 291-2000,9,12,No,No,No,No,2833,34,12.1,0.25,0.01,0.01,0.01,0.07,0,0.02,0.89
Texas High School 78,Austin Independent School District,Austin,78703,Travis,(512) 414-2505,9,12,No,No,No,Yes,1891,126,16.5,0.29,0.05,0,0.02,0.43,0,0.02,0.47
Texas High School 79,Early Independent School District,Early,76803,Brown,(325) 646-8295,9,12,Yes,No,No,Yes,525,34,11.1,0.32,0.02,0.01,0.02,0.22,0,0.02,0.72
Texas High School 80,Highland Independent School District,Roscoe,79545,Nolan,(325) 766-3652,PK,12,Yes,No,No,Yes,2358,20,10.7,0.35,0.01,0,0.01,0.15,0,0,0.83
Texas High School 81,Harmony School Of Excellence,Houston,77038,Harris,(713) 343-3333,9,12,Yes,Yes,No,No,3538,42,14.9,0.42,0.17,0,0.26,0.42,0,0.02,0.13
Texas High School 82,Manor Independent School District,Manor,78653,Travis,(512) 278-4875,9,12,Yes,No,No,No,1704,31,12.4,0.54,0.22,0,0.04,0.51,0,0.02,0.22
Texas High School 83,Keller Independent School District,Keller,76248,Tarrant,(817) 744-4465,9,12,No,No,No,Yes,2677,17,3.3,0.3,0.07,0,0,0.18,0,0.02,0.74
Texas High School 84,Stockdale Independent School District,Stockdale,78160,Wilson,(830) 996-3103,9,12,Yes,No,No,No,1423,28,8.7,0.47,0.01,0,0,0.41,0,0.02,0.55
Texas High School 85,Hurst-Euless-Bedford Independent School District,Euless,76039,Tarrant,(817) 571-0271,10,12,Yes,No,No,No,4279,137,17.6,0.46,0.21,0.01,0.09,0.26,0.04,0.03,0.36
Texas High School 86,Caddo Mills Independent School District,Caddo Mills,75135,Hunt,(903) 527-3164,9,12,No,No,No,Yes,147,33,13.5,0.31,0.02,0,0,0.13,0,0.05,0.8
Texas High School 87,Silverton Independent School District,Silverton,79257,Briscoe,(806) 823-2476,PK,12,Yes,No,No,Yes,3864,19,9.7,0.54,0.03,0,0,0.44,0,0.02,0.51
Texas High School 88,Whiteface Consolidated Independent School District,Whiteface,79379,Cochran,(806) 287-1104,6,12,Yes,No,No,Yes,3683,23,7.6,0.47,0.02,0.01,0,0.45,0.02,0.03,0.49
Texas High School 89,Corpus Christi Independent School District,Corpus Christi,78404,Nueces,(361) 698-2425,9,12,Yes,Yes,No,No,1721,18,22,0.64,0.03,0,0.03,0.85,0,0,0.09
Texas High School 90,South Texas Independent School District,Edinburg,78539,Hidalgo,(956) 383-1684,9,12,Yes,No,No,No,2271,47,14.2,0.68,0.01,0,0.03,0.91,0,0.01,0.04
Texas High School 91,McKinney Independent School District,McKinney,75069,Collin,(469) 302-5700,9,12,No,No,No,No,1447,149,16.6,0.31,0.13,0.01,0.03,0.3,0,0.02,0.5
Texas High School 92,Arlington Independent School District,Arlington,76016,Tarrant,(682) 867-8600,9,12,No,No,No,No,132,200,16.8,0.26,0.14,0.01,0.07,0.18,0,0.03,0.57
Texas High School 93,Loop Independent School District,Loop,79342,Gaines,(806) 487-6412,PK,12,Yes,No,No,No,3189,18,7,0.43,0.01,0,0,0.55,0,0,0.44
Texas High School 94,Christoval Independent School District,Christoval,76935,Tom Green,(325) 896-2355,6,12,No,No,No,Yes,407,24,12.4,0.2,0,0.01,0,0.19,0,0.03,0.77
Texas High School 95,Prairie Valley Independent School District,Nocona,76255,Montague,(940) 825-4425,6,12,No,Yes,No,Yes,640,9,8.6,0.55,0,0,0,0.06,0,0.01,0.92
Texas High School 96,Leander Independent School District,Leander,78641,Williamson,(512) 570-1000,9,12,No,No,No,Yes,2579,136,15.3,0.32,0.05,0,0.02,0.33,0,0.03,0.56
Texas High School 97,Klein Independent School District,Klein,77379,Harris,(832) 484-4000,9,12,No,No,No,Yes,3232,229,16.9,0.28,0.12,0.01,0.1,0.27,0,0.03,0.47
Texas High School 98,Canadian Independent School District,Canadian,79014,Hemphill,(806) 323-5373,9,12,No,No,No,No,1940,26,9.7,0.28,0,0,0,0.41,0,0.01,0.58
Texas High School 99,Texas College Preparatory Academies,Amarillo,79119,Randall,(806) 367-5447,KG,12,(n/a),No,No,Yes,3152,20,15.9,0.16,0.02,0,0.03,0.22,0,0.02,0.71
Texas High School 100,Aubrey Independent School District,Aubrey,76227,Denton,(940) 668-3900,9,12,No,No,No,Yes,3944,36,16.2,0.23,0.03,0.01,0.01,0.17,0,0.01,0.77
Texas High School 101,Westbrook Independent School District,Westbrook,79565,Mitchell,(325) 644-2311,PK,12,Yes,No,No,No,3100,31,9.5,0.32,0,0.01,0,0.35,0,0.01,0.63
Texas High School 102,Richardson Independent School District,Richardson,75080,Dallas,(469) 593-5000,9,12,Yes,No,No,No,3253,144,15.6,0.31,0.06,0,0.03,0.4,0,0.02,0.48
Texas High School 103,Idea Public Schools,San Benito,78586,Cameron,(956) 399-5252,6,12,No,No,No,Yes,3886,45,15.8,0.75,0.01,0,0.01,0.91,0,0,0.07
Texas High School 104,Pearland Independent School District,Pearland,77581,Brazoria,(281) 997-7445,9,12,Yes,No,No,Yes,2020,178,16.4,0.26,0.13,0.01,0.05,0.34,0,0.03,0.45
Texas High School 105,Ector County Independent School District,Odessa,79761,Ector,(432) 456-6989,9,12,No,No,No,No,569,33,9.9,0.39,0.02,0,0.01,0.58,0,0.02,0.37
Texas High School 106,Central Heights Independent School District,Nacogdoches,75965,Nacogdoches,(936) 552-3408,9,12,Yes,No,No,Yes,158,25,13.5,0.27,0.05,0.01,0,0.13,0,0.01,0.8
Texas High School 107,Burleson Independent School District,Burleson,76028,Johnson,(817) 245-0250,9,12,Yes,No,No,Yes,2056,89,17.6,0.28,0.06,0.01,0.01,0.2,0,0.02,0.71
Texas High School 108,Clear Creek Independent School District,Friendswood,77546,Harris,(281) 284-2100,9,12,Yes,No,No,Yes,130,154,15.1,0.25,0.12,0,0.16,0.3,0,0.03,0.39
Texas High School 109,North East Independent School District,San Antonio,78216,Bexar,(210) 356-0000,9,12,No,No,No,Yes,1973,169,17.6,0.3,0.04,0,0.03,0.51,0,0.03,0.39
Texas High School 110,Calallen Independent School District,Corpus Christi,78410,Nueces,(361) 242-5626,9,12,No,No,No,Yes,270,89,13.9,0.31,0.02,0,0.01,0.54,0,0.01,0.42
Texas High School 111,Idalou Independent School District,Idalou,79329,Lubbock,(806) 892-1900,9,12,Yes,No,No,No,2325,31,8.8,0.35,0,0,0,0.44,0,0,0.56
Texas High School 112,Glen Rose Independent School District,Glen Rose,76043,Somervell,(254) 898-3800,9,12,No,No,No,No,3051,43,11,0.32,0.01,0.02,0.01,0.3,0,0.01,0.66
Texas High School 113,Hallettsville Independent School District,Hallettsville,77964,Lavaca,(361) 798-2242,9,12,No,No,No,No,3668,29,11.3,0.28,0.07,0,0.01,0.12,0,0.03,0.78
Texas High School 114,Bridge City Independent School District,Bridge City,77611,Orange,(409) 735-1600,9,12,No,No,No,Yes,2705,57,13.7,0.28,0.01,0,0.04,0.13,0,0.01,0.8
Texas High School 115,Troup Independent School District,Troup,75789,Smith,(903) 842-3065,9,12,Yes,No,No,Yes,1042,29,10.8,0.46,0.11,0.01,0.01,0.11,0.01,0.02,0.73
Texas High School 116,Humble Independent School District,Humble,77346,Harris,(281) 641-7500,9,12,No,No,No,Yes,1699,182,17.6,0.26,0.21,0,0.03,0.3,0,0.02,0.43
Texas High School 117,Coleman Independent School District,Coleman,76834,Coleman,(325) 625-2156,9,12,No,No,No,No,1012,24,10.1,0.52,0.04,0,0.01,0.27,0,0.02,0.65
Texas High School 118,Leveretts Chapel Independent School District,Overton,75684,Rusk,(903) 834-3181,9,12,Yes,No,No,No,3357,11,5.6,0.63,0.07,0,0,0.23,0,0,0.71
Texas High School 119,Iredell Independent School District,Iredell,76649,Bosque,(254) 364-2411,PK,12,Yes,No,No,Yes,3049,15,8.9,0.52,0,0,0,0.28,0,0.02,0.7
Texas High School 120,Jim Ned Consolidated Independent School District,Tuscola,79562,Taylor,(325) 554-7755,9,12,No,No,No,Yes,1593,36,8.8,0.18,0,0,0.01,0.11,0,0.01,0.86
Texas High School 121,Giddings Independent School District,Giddings,78942,Lee,(979) 542-3351,9,12,Yes,No,No,No,559,55,11.7,0.54,0.1,0,0.01,0.47,0,0.01,0.41
Texas High School 122,Miller Grove Independent School District,Cumby,75433,Hopkins,(903) 459-3288,PK,12,Yes,No,No,Yes,153,23,10,0.53,0,0,0,0.23,0,0.01,0.76
Texas High School 123,Whitewright Independent School District,Whitewright,75491,Grayson,(903) 364-2535,9,12,No,No,No,Yes,1747,21,11.6,0.31,0.05,0,0.01,0.08,0,0.05,0.82
Texas High School 124,Canyon Independent School District,Canyon,79015,Randall,(806) 677-2740,9,12,No,No,No,Yes,2698,81,13.8,0.21,0.01,0.01,0,0.2,0,0.01,0.77
Texas High School 125,New Braunfels Independent School District,New Braunfels,78130,Comal,(830) 627-6000,9,12,No,No,No,No,134,94,18.2,0.24,0.02,0.01,0.01,0.4,0,0.01,0.55
Texas High School 126,Eagle Mt-Saginaw Independent School District,Fort Worth,76179,Tarrant,(817) 237-3314,9,12,No,No,No,Yes,2133,106,15.1,0.3,0.07,0.01,0.05,0.24,0,0.04,0.59
Texas High School 127,Bells Independent School District,Bells,75414,Grayson,(903) 965-7315,9,12,No,No,No,No,551,22,9.6,0.29,0,0.01,0,0.06,0,0.03,0.9
Texas High School 128,Hudson Independent School District,Lufkin,75904,Angelina,(936) 875-9232,9,12,Yes,No,No,Yes,1220,54,14.4,0.44,0.05,0,0.01,0.24,0,0.02,0.68
Texas High School 129,Klein Independent School District,Spring,77388,Harris,(832) 484-5500,9,12,No,No,No,Yes,4197,202,17.7,0.29,0.12,0,0.08,0.33,0,0.03,0.44
Texas High School 130,Frankston Independent School District,Frankston,75763,Anderson,(903) 876-3219,9,12,Yes,No,No,No,669,21,10.6,0.53,0.15,0.01,0,0.12,0,0.02,0.7
Texas High School 131,Grady Independent School District,Lenorah,79749,Martin,(432) 459-2445,PK,12,Yes,No,No,No,2331,22,10.5,0.3,0,0,0.01,0.36,0,0,0.62
Texas High School 132,Cushing Independent School District,Cushing,75760,Nacogdoches,(936) 326-4890,6,12,No,Yes,No,Yes,3818,26,10.3,0.63,0.03,0,0,0.11,0,0.02,0.84
Texas High School 133,Corpus Christi Independent School District,Corpus Christi,78405,Nueces,(361) 878-4780,10,12,No,No,No,Yes,2403,8,15.8,0.59,0.02,0,0,0.84,0,0.02,0.12
Texas High School 134,Cypress-Fairbanks Independent School District,Houston,77070,Harris,(281) 897-4200,9,12,No,No,No,Yes,531,200,15.8,0.42,0.22,0.01,0.09,0.32,0,0.02,0.35
Texas High School 135,Round Rock Independent School District,Round Rock,78664,Williamson,(512) 704-0100,9,12,No,No,No,No,1061,179,15.1,0.27,0.15,0,0.05,0.34,0,0.05,0.41
Texas High School 136,Priority Charter Schools,Leander,78646,Williamson,(512) 986-9545,PK,12,(n/a),No,No,Yes,601,11,18,0.3,0.08,0.01,0.03,0.22,0,0.03,0.64
Texas High School 137,Houston Independent School District,Bellaire,77401,Harris,(713) 295-3704,9,12,No,No,No,Yes,908,192,19.2,0.48,0.2,0,0.13,0.43,0,0.02,0.22
Texas High School 138,Fort Bend Independent School District,Sugar Land,77498,Fort Bend,(281) 634-2300,9,12,Yes,No,No,No,4165,125,19.1,0.35,0.14,0,0.37,0.29,0,0.02,0.17
Texas High School 139,Union Grove Independent School District,Gladewater,75647,Upshur,(903) 845-5506,9,12,Yes,No,No,No,764,24,8.7,0.36,0,0.02,0.01,0.03,0,0.02,0.92
Texas High School 140,Huffman Independent School District,Huffman,77336,Harris,(281) 324-1845,9,12,No,No,No,Yes,1376,65,15.1,0.26,0.02,0,0.01,0.16,0,0.01,0.81
Texas High School 141,Pilot Point Independent School District,Pilot Point,76258,Denton,(940) 686-8740,9,12,Yes,No,No,Yes,3745,32,13.4,0.44,0.04,0.01,0.01,0.33,0,0.01,0.61
Texas High School 142,La Vernia Independent School District,La Vernia,78121,Wilson,(830) 779-6630,9,12,No,No,No,No,2764,61,16.6,0.19,0.01,0,0,0.26,0,0.02,0.7
Texas High School 143,Flour Bluff Independent School District,Corpus Christi,78418,Nueces,(361) 694-9100,9,12,Yes,No,No,Yes,3023,123,16,0.29,0.04,0,0.02,0.35,0,0.06,0.53
Texas High School 144,Goldthwaite Independent School District,Goldthwaite,76844,Mills,(325) 648-3081,9,12,Yes,No,No,Yes,1714,21,8.4,0.4,0.01,0,0,0.27,0,0,0.73
Texas High School 145,Industrial Independent School District,Vanderbilt,77991,Jackson,(361) 284-3226,9,12,Yes,No,No,Yes,3915,30,12.3,0.26,0.01,0.01,0,0.27,0,0,0.71
Texas High School 146,Balmorhea Independent School District,Balmorhea,79718,Reeves,(432) 375-2223,PK,12,No,No,No,Yes,2907,18,8.9,0.85,0,0,0,0.87,0,0,0.13
Texas High School 147,Northwest Independent School District,Justin,76247,Denton,(817) 215-0200,9,12,No,No,No,Yes,4318,170,16.4,0.2,0.06,0.01,0.02,0.21,0,0.02,0.68
Texas High School 148,Happy Independent School District,Happy,79042,Swisher,(806) 558-5311,7,12,Yes,No,No,No,287,16,7.4,0.41,0.02,0,0,0.18,0,0.03,0.78
Texas High School 149,Krum Independent School District,Krum,76249,Denton,(940) 482-6000,9,12,No,No,No,No,3393,43,13.8,0.27,0.02,0.01,0.01,0.21,0,0.02,0.75
Texas High School 150,Thrall Independent School District,Thrall,76578,Williamson,(512) 898-5193,9,12,No,No,No,No,1467,18,11.6,0.23,0.02,0.01,0,0.21,0,0.03,0.73
Texas High School 151,Burnham Wood Charter School District,El Paso,79912,El Paso,(915) 584-4024,5,12,No,No,No,Yes,3864,41,13,0.52,0.03,0,0.02,0.86,0,0.01,0.08
Texas High School 152,Katy Independent School District,Houston,77084,Harris,(281) 237-3000,9,12,Yes,No,No,Yes,1939,159,17.3,0.58,0.17,0,0.06,0.53,0,0.02,0.21
Texas High School 153,Bullard Independent School District,Bullard,75757,Cherokee,(903) 894-3272,9,12,No,No,No,Yes,1661,62,11.6,0.3,0.05,0.01,0,0.06,0,0.01,0.86
Texas High School 154,Sam Rayburn Independent School District,Ivanhoe,75447,Fannin,(903) 664-2165,7,12,No,No,No,No,606,20,8.4,0.29,0.01,0.02,0,0.1,0,0.02,0.85
Texas High School 155,Sharyland Independent School District,Mission,78572,Hidalgo,(956) 580-5300,9,12,Yes,No,No,Yes,2126,106,16.8,0.5,0.01,0,0.02,0.92,0,0,0.05
Texas High School 156,Lewisville Independent School District,The Colony,75056,Denton,(469) 713-5178,9,12,Yes,No,No,No,2091,139,14.2,0.36,0.11,0.01,0.06,0.32,0,0.04,0.48
Texas High School 157,Deer Park Independent School District,Deer Park,77536,Harris,(832) 668-7200,9,12,Yes,No,No,Yes,3641,258,15.9,0.37,0.02,0,0.01,0.5,0,0.02,0.45
Texas High School 158,Palmer Independent School District,Palmer,75152,Ellis,(972) 449-3487,9,12,Yes,No,No,Yes,2399,29,10.8,0.42,0.01,0.01,0,0.37,0,0.01,0.6
Texas High School 159,Cross Roads Independent School District,Malakoff,75148,Henderson,(903) 489-1275,9,12,Yes,No,No,No,3588,18,10.1,0.37,0.01,0,0,0.09,0,0.01,0.9
Texas High School 160,Hartley Independent School District,Hartley,79044,Hartley,(806) 365-4458,PK,12,Yes,No,No,No,206,20,11.1,0.76,0,0,0,0.64,0,0,0.35
Texas High School 161,Weimar Independent School District,Weimar,78962,Colorado,(979) 725-9504,8,12,No,No,No,No,1509,19,10.6,0.39,0.12,0,0,0.33,0,0.03,0.53
Texas High School 162,Wolfe City Independent School District,Wolfe City,75496,Hunt,(903) 496-2891,9,12,Yes,No,No,Yes,312,16,10.5,0.49,0.05,0.01,0.01,0.1,0,0.01,0.82
Texas High School 163,Harmony Science Academy (Waco),Waco,76710,McLennan,(254) 751-7878,KG,12,Yes,Yes,No,No,3124,56,13.6,0.8,0.08,0,0.01,0.72,0,0.01,0.18
Texas High School 164,Abbott Independent School District,Abbott,76621,Hill,(254) 582-3011,PK,12,Yes,No,No,No,2636,24,11,0.22,0,0,0,0.1,0,0.02,0.88
Texas High School 165,Idea Public Schools,San Juan,78589,Hidalgo,(956) 588-4021,6,12,Yes,Yes,No,Yes,3823,46,16.3,0.91,0,0,0.01,0.97,0,0,0.02
Texas High School 166,Aspermont Independent School District,Aspermont,79502,Stonewall,(940) 989-2707,6,12,Yes,No,No,Yes,2903,14,8.5,0.4,0.04,0,0.01,0.3,0,0.01,0.64
Texas High School 167,Brownsville Independent School District,Brownsville,78520,Cameron,(956) 574-5600,9,12,Yes,No,No,No,137,138,15.8,0.94,0,0,0.01,0.96,0,0,0.03
Texas High School 168,Hico Independent School District,Hico,76457,Hamilton,(254) 796-2184,7,12,Yes,No,No,No,3550,27,9.5,0.55,0,0,0,0.24,0,0,0.75
Texas High School 169,Texas College Preparatory Academies,Lewisville,75057,Denton,(888) 644-4789,2,12,Yes,Yes,No,Yes,610,,,0.44,0.11,0.01,0.03,0.29,0,0.04,0.52
Texas High School 170,Priddy Independent School District,Priddy,76870,Mills,(325) 966-3323,PK,12,Yes,No,No,No,2361,14,8.2,0.7,0,0,0,0.29,0,0,0.71
Texas High School 171,Midlothian Independent School District,Midlothian,76065,Ellis,(972) 775-8226,9,12,No,Yes,No,Yes,1343,141,16.9,0.16,0.06,0,0.02,0.21,0,0.02,0.69
Texas High School 172,Kipp Austin Public Schools Inc,Austin,78724,Travis,(512) 637-6870,9,12,No,No,No,Yes,2742,42,13.4,0.93,0.02,0,0,0.97,0,0,0
Texas High School 173,Newman International Academy Of Arlington,Arlington,76013,Tarrant,(817) 459-8555,PK,12,No,No,No,Yes,4090,68,12.7,0.45,0.33,0,0.06,0.23,0,0.04,0.35
Texas High School 174,Houston Independent School District,Houston,77098,Harris,(713) 522-5960,9,12,No,No,No,No,1737,141,23.3,0.48,0.31,0,0.04,0.37,0,0.02,0.26
Texas High School 175,Elysian Fields Independent School District,Elysian Fields,75642,Harrison,(903) 633-2420,9,12,(n/a),No,No,Yes,2652,30,10.6,0.44,0.14,0,0,0.03,0,0,0.83
Texas High School 176,Eula Independent School District,Clyde,79510,Callahan,(325) 529-3605,9,12,No,No,No,Yes,3192,14,7.9,0.48,0,0.01,0.01,0.12,0,0.05,0.81
Texas High School 177,McLean Independent School District,McLean,79057,Gray,(806) 779-2301,PK,12,Yes,No,No,No,2052,25,8.2,0.44,0.01,0.01,0,0.18,0,0.01,0.79
Texas High School 178,Dublin Independent School District,Dublin,76446,Erath,(254) 445-0362,7,12,Yes,No,No,No,1524,38,12.2,0.67,0.02,0,0,0.59,0,0.01,0.38
Texas High School 179,Bob Hope School,Port Arthur,77642,Jefferson,(409) 983-3244,6,12,No,No,No,Yes,1676,31,14.4,0.89,0.03,0,0,0.94,0,0.01,0.02
Texas High School 180,North East Independent School District,San Antonio,78217,Bexar,(210) 356-7600,9,12,Yes,No,No,Yes,1267,153,16.6,0.46,0.09,0,0.03,0.55,0,0.03,0.29
Texas High School 181,Water Valley Independent School District,Water Valley,76958,Tom Green,(325) 484-2478,7,12,No,No,No,No,578,14,9.8,0.47,0.03,0.01,0.01,0.19,0,0.02,0.75
Texas High School 182,La Grange Independent School District,La Grange,78945,Fayette,(979) 968-4800,9,12,Yes,No,No,Yes,1682,47,12.8,0.38,0.07,0.01,0.01,0.29,0,0.03,0.61
Texas High School 183,Panola Charter School,Marshall,75672,Harrison,(903) 935-4109,8,12,Yes,No,No,Yes,935,4,22.2,0.3,0.14,0,0.01,0.03,0,0.02,0.8
Texas High School 184,Sudan Independent School District,Sudan,79371,Lamb,(806) 227-2336,8,12,Yes,No,No,Yes,2324,21,7.5,0.47,0.02,0,0,0.53,0,0.02,0.43
Texas High School 185,Mansfield Independent School District,Mansfield,76063,Tarrant,(817) 299-1100,9,12,No,No,No,Yes,2790,104,18.7,0.32,0.15,0,0.02,0.25,0,0.04,0.54
Texas High School 186,Georgetown Independent School District,Georgetown,78626,Williamson,(512) 943-5100,9,12,No,No,No,Yes,1623,121,15,0.23,0.03,0,0.01,0.26,0,0.02,0.67
Texas High School 187,Lampasas Independent School District,Lampasas,76550,Lampasas,(512) 564-2310,9,12,Yes,No,No,No,3956,70,14.5,0.44,0.03,0.01,0.02,0.23,0.01,0.02,0.7
Texas High School 188,Idea Public Schools,Alamo,78516,Hidalgo,(956) 588-4005,6,12,No,No,No,No,1642,35,18.4,0.98,0,0,0,0.99,0,0,0.01
Texas High School 189,Lovelady Independent School District,Lovelady,75851,Houston,(936) 636-7636,7,12,No,No,No,No,940,24,9.5,0.34,0.08,0,0.01,0.05,0,0.03,0.83
Texas High School 190,Perrin-Whitt Consolidated Independent School District,Perrin,76486,Jack,(940) 798-3845,7,12,No,No,No,Yes,1853,16,10.1,0.4,0,0.01,0,0.13,0,0.01,0.86
Texas High School 191,Pflugerville Independent School District,Pflugerville,78660,Travis,(512) 594-0500,9,12,Yes,No,No,Yes,1783,144,15.6,0.44,0.23,0,0.07,0.41,0,0.04,0.24
Texas High School 192,Eustace Independent School District,Eustace,75124,Henderson,(903) 425-5161,9,12,No,No,No,Yes,2177,41,11,0.6,0.03,0.02,0,0.1,0,0.03,0.83
Texas High School 193,Wellington Independent School District,Wellington,79095,Collingsworth,(806) 447-3172,9,12,No,No,No,No,3199,19,8.4,0.55,0.05,0.01,0,0.44,0,0.01,0.49
Texas High School 194,Pewitt Consolidated Independent School District,Omaha,75571,Morris,(903) 884-2293,9,12,Yes,No,No,No,1543,26,10.6,0.58,0.13,0,0,0.08,0,0.07,0.72
Texas High School 195,Nocona Independent School District,Nocona,76255,Montague,(940) 825-3264,9,12,Yes,No,No,Yes,968,24,10.1,0.44,0,0.01,0,0.24,0,0.03,0.71
Texas High School 196,Decatur Independent School District,Decatur,76234,Wise,(940) 393-7200,9,12,No,No,No,Yes,4313,60,14.9,0.32,0.01,0.01,0,0.3,0,0.01,0.67
Texas High School 197,Lake Dallas Independent School District,Corinth,76205,Denton,(940) 497-4031,9,12,No,No,No,Yes,3184,79,16.1,0.28,0.06,0.01,0.02,0.24,0,0.05,0.61
Texas High School 198,North Hopkins Independent School District,Sulphur Springs,75482,Hopkins,(903) 945-2192,7,12,Yes,No,No,No,654,20,9.4,0.55,0.01,0.02,0,0.22,0,0.05,0.71
Texas High School 199,Ponder Independent School District,Ponder,76259,Denton,(940) 479-8312,9,12,No,Yes,No,Yes,4337,29,13.7,0.29,0.01,0.01,0.01,0.16,0,0.02,0.79
Texas High School 200,Aquilla Independent School District,Aquilla,76622,Hill,(254) 694-3770,PK,12,No,No,No,Yes,3180,22,12.5,0.52,0.01,0.02,0,0.15,0,0.02,0.81
Texas High School 201,Blanco Independent School District,Blanco,78606,Blanco,(830) 833-4337,9,12,No,No,No,Yes,996,28,10.2,0.45,0,0,0,0.35,0,0.02,0.62
Texas High School 202,Port Neches-Groves Independent School District,Port Neches,77651,Jefferson,(409) 729-7644,9,12,No,No,No,No,2224,103,13.9,0.31,0.02,0,0.06,0.19,0,0.02,0.71
Texas High School 203,El Paso Independent School District,El Paso,79912,El Paso,(915) 834-2460,9,12,(n/a),No,No,Yes,1756,145,17.7,0.42,0.01,0,0.03,0.78,0,0.01,0.17
Texas High School 204,Houston Independent School District,Houston,77033,Harris,(713) 733-1111,9,12,No,No,No,Yes,945,17,10.9,0.66,0.34,0,0.01,0.65,0,0,0
Texas High School 205,Harmony Science Academy (El Paso),El Paso,79924,El Paso,(915) 757-2929,KG,12,Yes,No,No,No,3016,56,15,0.69,0.06,0,0.01,0.79,0,0.03,0.11
Texas High School 206,Round Rock Independent School District,Round Rock,78664,Williamson,(512) 428-7000,9,12,Yes,No,No,No,1464,174,14.1,0.4,0.17,0,0.05,0.45,0,0.04,0.3
Texas High School 207,Rotan Independent School District,Rotan,79546,Fisher,(325) 735-3041,9,12,No,No,No,Yes,426,13,4.9,0.38,0.06,0,0.02,0.34,0,0.02,0.56
Texas High School 208,Blanket Independent School District,Blanket,76432,Brown,(325) 748-3341,PK,12,Yes,No,No,Yes,4201,21,10,0.49,0.02,0.02,0.01,0.25,0.01,0.01,0.69
Texas High School 209,Mesquite Independent School District,Mesquite,75150,Dallas,(972) 882-5300,9,12,No,No,No,No,327,113,15.4,0.51,0.26,0.01,0.05,0.37,0,0.03,0.29
Texas High School 210,Bremond Independent School District,Bremond,76629,Robertson,(254) 746-7145,9,12,Yes,No,No,Yes,4207,16,8.8,0.38,0.16,0.01,0.01,0.12,0,0.02,0.67
Texas High School 211,Rule Independent School District,Rule,79547,Haskell,(940) 997-2246,PK,12,Yes,No,No,Yes,2941,17,7.1,0.77,0.01,0,0,0.43,0,0.04,0.53
Texas High School 212,Garland Independent School District,Garland,75043,Dallas,(972) 240-3740,9,12,Yes,No,No,Yes,2471,158,14.6,0.56,0.3,0,0.06,0.41,0,0.02,0.2
Texas High School 213,McGregor Independent School District,Mc Gregor,76657,McLennan,(254) 840-2853,9,12,No,No,No,Yes,1861,38,11,0.71,0.12,0.01,0.01,0.42,0,0.01,0.44
Texas High School 214,Dallas Independent School District,Dallas,75214,Dallas,(972) 502-4400,9,12,No,No,No,Yes,1536,100,16.9,0.6,0.09,0,0.01,0.66,0,0.01,0.22
Texas High School 215,Sanger Independent School District,Sanger,76266,Denton,(940) 458-7497,9,12,Yes,No,No,No,2557,52,15.3,0.36,0.03,0.01,0.01,0.25,0,0.02,0.68
Texas High School 216,Neches Independent School District,Palestine,75803,Anderson,(903) 584-3443,9,12,No,No,No,No,2874,12,9.5,0.42,0.07,0,0.01,0.09,0,0.03,0.81
Texas High School 217,Savoy Independent School District,Savoy,75479,Fannin,(903) 965-4024,7,12,No,No,No,No,3548,14,9.7,0.48,0.01,0.02,0.01,0.05,0,0.07,0.85
